"","Gene.Set","Ratio.of.Protein.In.Gene.Set","Number.of.Protein.in.Gene.Set","Protein.From.Network","P.value","FDR","Nodes","Gene.Set","Ratio.of.Protein.In.Gene.Set","Number.of.Protein.in.Gene.Set","Protein.From.Network","P.value","FDR","Nodes","Gene.Set","Ratio.of.Protein.In.Gene.Set","Number.of.Protein.in.Gene.Set","Protein.From.Network","P.value","FDR","Nodes","res$localfdr","res0$localfdr","res1$localfdr","res2$localfdr","res3$localfdr","res$localfdr <= thre","res0$localfdr <= thre","res1$localfdr <= thre","res2$localfdr <= thre","res3$localfdr <= thre"
"1","Neutrophil degranulation(R)",0.0362,393,25,3.14e-13,1.69e-10,"SLC11A1,SLPI,RAB5C,S100A12,DEFA4,VNN1,TCN1,LCN2,TNFAIP6,PYGL,HK3,CAMP,SERPINB1,ARG1,NFAM1,MMP9,CKAP4,CEACAM8,LTF,TLR2,CD59,MAPK14,LRG1,QPCT,PTX3","Neutrophil degranulation(R)",0.0362,393,20,3.28e-09,1.36e-06,"FCN1,CLEC5A,SLC11A1,CLEC4D,ADAM8,LYZ,ARHGAP9,SERPINA1,ITGB2,TCIRG1,SLC2A5,ITGAL,SIRPB1,ITGAX,KCNAB2,MMP9,CHI3L1,TLR2,LILRA3,ALOX5","Neutrophil degranulation(R)",0.0362,393,52,1.11e-16,5.58e-14,"GMFG,C3AR1,SLC11A1,FPR1,FPR2,S100A12,CD14,SIGLEC9,SERPINA1,HBB,MMP25,TIMP2,OLR1,CD53,FCER1G,MME,TLR2,CXCR1,ALOX5,CXCR2,LILRB2,LILRB3,QPCT,SIGLEC5,PLAU,COTL1,CD93,CD300A,CLEC4D,TYROBP,ADAM8,S100A9,S100A8,C5AR1,HSPA6,PTPRC,SELL,ITGAM,TNFAIP6,ITGB2,LRMP,FCAR,ITGAX,CR1,PLAUR,TNFRSF1B,MMP9,FGR,CHI3L1,DOCK2,FCGR2A,MNDA",2.90427744534804e-12,3.5663040910576e-12,3.30232390594736e-10,1.2178441730373e-05,4.33266367950193e-06,TRUE,TRUE,TRUE,TRUE,TRUE
"2","Antimicrobial peptides(R)",0.004,44,6,7.69e-06,0.00206,"SLC11A1,DEFA4,LCN2,CAMP,LTF,TLR2","Antimicrobial peptides(R)",0.004,44,4,0.00114,0.0422,"SLC11A1,LYZ,CCR2,TLR2","Antimicrobial peptides(R)",0.004,44,5,0.00131,0.0145,"SLC11A1,TLR2,S100A9,S100A8,DEFA3",0.0080602873166038,0.00900763540169454,0.00372252311681742,0.112232155284802,0.67723866669986,TRUE,TRUE,TRUE,FALSE,FALSE
"3","Toll-Like Receptors Cascades(R)",0.013,141,9,1.85e-05,0.00329,"MEF2A,LY96,S100A12,PELI1,TLR10,TLR5,TLR2,MAPK3,MAPK14","Toll-Like Receptors Cascades(R)",0.013,141,6,0.00339,0.061,"RPS6KA1,ITGB2,IKBKE,TLR8,TLR2,PTPN11","Toll-Like Receptors Cascades(R)",0.013,141,10,0.000278,0.00441,"S100A12,CD14,FOS,TLR8,TLR4,TLR2,S100A9,S100A8,ITGAM,ITGB2",0.0245146957792811,0.0272611523295911,0.00760582131194638,0.206902897138853,0.347879903705637,TRUE,TRUE,TRUE,FALSE,FALSE
"5","Signaling by Interleukins(R)",0.0423,460,15,8.91e-05,0.00954,"IL1RN,IRS2,IL18RAP,IL1R1,IL1R2,CSF2RA,RASGRP4,SOCS3,LCN2,RASGEF1A,MMP9,PELI1,MAPK3,OSM,IL18R1","Signaling by Interleukins(R)",0.0423,460,16,1.88e-05,0.00389,"IL1RN,IGHG1,FN1,IL7R,ITGB2,ITGAX,JAK3,CCR2,MMP9,IL17RA,CCL11,IL2RG,ALOX5,CCL19,IL12RB1,PTPN11","Signaling by Interleukins(R)",0.0423,460,27,8.24e-08,4.53e-06,"IL1RN,IL36A,JUNB,IL1R2,EREG,FPR1,FN1,IL36G,FOS,IL1B,HBEGF,PTGS2,ALOX5,IL10RA,OSM,CSF3R,IL18RAP,CSF2RB,RASGRP4,SOCS3,ITGAM,ITGB2,ITGAX,TNFRSF1B,MMP9,CCL4,CCL3",0.00156333027790811,0.00156943407934899,0.0255046676796455,0.0105512032297255,0.0236988965029516,TRUE,TRUE,TRUE,TRUE,TRUE
"6","Fructose and mannose metabolism(K)",0.003,33,4,0.000421,0.0374,"PFKFB2,PFKFB4,PFKFB3,HK3","Fructose and mannose metabolism(K)",0.003,33,1,0.2865,0.2865,"FBP1","Fructose and mannose metabolism(K)",0.003,33,1,0.449,0.449,"PFKFB3",1,1,0.0742651199561139,1,1,FALSE,FALSE,TRUE,FALSE,FALSE
"7","IL4-mediated signaling events(N)",0.0058,63,5,0.000547,0.04,"SPI1,IRS2,SOCS3,ARG1,MAPK14","IL4-mediated signaling events(N)",0.0058,63,5,0.000504,0.0247,"IGHG1,HMGA1,JAK3,CCL11,IL2RG","IL4-mediated signaling events(N)",0.0058,63,3,0.1065,0.2226,"SPI1,EGR2,SOCS3",0.0304393057750356,0.032304650845872,0.0874295892484804,0.0764132496306424,1,TRUE,TRUE,TRUE,TRUE,FALSE
"8","Amoebiasis(K)",0.009,98,6,0.000597,0.04,"IL1R1,IL1R2,RAB5C,SERPINB1,ARG1,TLR2","Amoebiasis(K)",0.009,98,3,0.0797,0.2567,"FN1,ITGB2,TLR2","Amoebiasis(K)",0.009,98,10,1.42e-05,0.000383,"PRKCB,IL1R2,PIK3R5,CD14,FN1,IL1B,TLR4,TLR2,ITGAM,ITGB2",0.166938127002352,0.172454972918486,0.0922086246477739,1,0.152283903573677,FALSE,FALSE,TRUE,FALSE,FALSE
"10","TNF signaling pathway(K)",0.0101,110,6,0.00108,0.0538,"SOCS3,BCL3,MMP9,MAPK3,MAPK14,IL18R1","TNF signaling pathway(K)",0.0101,110,1,0.6767,0.6767,"MMP9","TNF signaling pathway(K)",0.0101,110,8,0.000961,0.0106,"JUNB,PIK3R5,FOS,IL1B,PTGS2,SOCS3,TNFRSF1B,MMP9",0.30120519566251,0.336558034635749,0.129818899303181,1,0.610228775984046,FALSE,FALSE,FALSE,FALSE,FALSE
"11","Transport of glucose and other sugars, bile salts and organic acids, metal ions and amine compounds(R)",0.004,43,4,0.00112,0.0538,"SLC11A1,SLC22A4,SLC40A1,SLC18A2","Transport of glucose and other sugars, bile salts and organic acids, metal ions and amine compounds(R)",0.004,43,3,0.01,0.11,"SLC16A3,SLC11A1,SLC2A5","Transport of glucose and other sugars, bile salts and organic acids, metal ions and amine compounds(R)",0.004,43,1,0.5403,0.5403,"SLC11A1",0.195252668333804,0.196864321370496,0.132424170454003,0.503110497305746,1,FALSE,FALSE,FALSE,FALSE,FALSE
"13","Growth hormone receptor signaling(R)",0.0022,24,3,0.0021,0.0863,"IRS2,SOCS3,MAPK3","Growth hormone receptor signaling(R)",0.0022,24,1,0.2176,0.2567,"PTPN1","Growth hormone receptor signaling(R)",0.0022,24,1,0.3517,0.3517,"SOCS3",1,1,0.182579655332136,1,1,FALSE,FALSE,FALSE,FALSE,FALSE
"14","IL2-mediated signaling events(N)",0.005,54,4,0.00255,0.097,"IRS2,SOCS3,MAPK3,MAPK14","IL2-mediated signaling events(N)",0.005,54,3,0.0183,0.1726,"JAK3,IL2RG,PTPN11","IL2-mediated signaling events(N)",0.005,54,3,0.0751,0.2226,"PRKCB,FOS,SOCS3",0.705150591445857,0.724167453158275,0.199824900305149,0.696590908005472,1,FALSE,FALSE,FALSE,FALSE,FALSE
"15","Metabolism of carbohydrates(R)",0.0214,233,8,0.00312,0.1062,"G6PD,PGD,PFKFB2,PFKFB4,PFKFB3,PYGL,HK3,B4GALT5","Metabolism of carbohydrates(R)",0.0214,233,3,0.4261,0.4261,"ST3GAL3,SLC2A5,FBP1","Metabolism of carbohydrates(R)",0.0214,233,4,0.6075,0.6075,"CHST11,CHST15,PFKFB3,LUM",1,1,0.218442401936186,1,1,FALSE,FALSE,FALSE,FALSE,FALSE
"16","Insulin signaling pathway(K)",0.0129,140,6,0.00358,0.1062,"IRS2,SOCS3,PYGL,HK3,FLOT1,MAPK3","Insulin signaling pathway(K)",0.0129,140,2,0.4194,0.4194,"FBP1,PTPN1","Insulin signaling pathway(K)",0.0129,140,2,0.7198,0.7198,"PIK3R5,SOCS3",1,1,0.231469656712102,1,1,FALSE,FALSE,FALSE,FALSE,FALSE
"17","Hematopoietic cell lineage(K)",0.0089,97,5,0.00359,0.1062,"IL1R1,IL1R2,CSF2RA,CD24,CD59","Hematopoietic cell lineage(K)",0.0089,97,2,0.2608,0.2608,"IL7R,CD5","Hematopoietic cell lineage(K)",0.0089,97,9,7.87e-05,0.00165,"IL1R2,CD14,CD37,MME,IL1B,CSF3R,ITGAM,CR1,ITGA5",0.433196401687842,0.531932678947746,0.231736146481625,1,0.254784855800349,FALSE,FALSE,FALSE,FALSE,FALSE
"18","Validated targets of C-MYC transcriptional repression(N)",0.0055,60,4,0.00371,0.1062,"SPI1,SLC11A1,ZFP36L1,GADD45A","Validated targets of C-MYC transcriptional repression(N)",0.0055,60,2,0.1258,0.2567,"SLC11A1,IRF8","Validated targets of C-MYC transcriptional repression(N)",0.0055,60,2,0.2945,0.2945,"SPI1,SLC11A1",1,1,0.234885044035121,1,1,FALSE,FALSE,FALSE,FALSE,FALSE
"19","IL12-mediated signaling events(N)",0.0056,61,4,0.00393,0.1062,"IL18RAP,IL1R1,MAPK14,IL18R1","IL12-mediated signaling events(N)",0.0056,61,2,0.1292,0.2567,"IL2RG,IL12RB1","IL12-mediated signaling events(N)",0.0056,61,5,0.00527,0.0376,"FOS,IL1B,IL18RAP,CCL4,CCL3",1,1,0.240428940584341,1,0.899795844606907,FALSE,FALSE,FALSE,FALSE,FALSE
"21","toll-like receptor pathway(B)",0.0029,32,3,0.0047,0.1143,"LY96,TLR2,MAPK3","toll-like receptor pathway(B)",0.0029,32,1,0.2792,0.2792,"TLR2","toll-like receptor pathway(B)",0.0029,32,4,0.00286,0.0229,"CD14,FOS,TLR4,TLR2",1,1,0.257822306963451,1,0.821890140080565,FALSE,FALSE,FALSE,FALSE,FALSE
"22","Inflammatory bowel disease (IBD)(K)",0.006,65,4,0.00491,0.1143,"IL18RAP,TLR5,TLR2,IL18R1","Inflammatory bowel disease (IBD)(K)",0.006,65,5,0.00058,0.0247,"FOXP3,TLR2,IL2RG,IL21R,IL12RB1","Inflammatory bowel disease (IBD)(K)",0.006,65,4,0.031,0.1239,"IL1B,TLR4,TLR2,IL18RAP",0.148920920978139,0.154169444404112,0.262100985556194,0.0819499118146172,1,FALSE,FALSE,FALSE,TRUE,FALSE
"23","EPO signaling pathway(N)",0.003,33,3,0.00511,0.1143,"IRS2,SOCS3,MAPK14","EPO signaling pathway(N)",0.003,33,1,0.2865,0.2865,"PTPN11","EPO signaling pathway(N)",0.003,33,1,0.449,0.449,"SOCS3",1,1,0.266016489790237,1,1,FALSE,FALSE,FALSE,FALSE,FALSE
"24","Toll-like receptor signaling pathway(K)",0.0098,106,5,0.00519,0.1143,"LY96,TLR5,TLR2,MAPK3,MAPK14","Toll-like receptor signaling pathway(K)",0.0098,106,4,0.0238,0.192,"IKBKE,TLR8,TLR2,SPP1","Toll-like receptor signaling pathway(K)",0.0098,106,10,2.75e-05,0.000715,"PIK3R5,CD14,FOS,IL1B,TLR8,TLR4,TLR2,SPP1,CCL4,CCL3",0.383180728108839,0.410648492426458,0.270434032186352,0.766079964540626,0.18790525519072,FALSE,FALSE,FALSE,FALSE,FALSE
"25","IL1-mediated signaling events(N)",0.0031,34,3,0.00555,0.1166,"IL1RN,IL1R1,IL1R2","IL1-mediated signaling events(N)",0.0031,34,1,0.2938,0.2938,"IL1RN","IL1-mediated signaling events(N)",0.0031,34,3,0.0242,0.0969,"IL1RN,IL1R2,IL1B",1,1,0.290047685912576,1,1,FALSE,FALSE,FALSE,FALSE,FALSE
"26","signal transduction through il1r(B)",0.0032,35,3,0.00601,0.1202,"IL1RN,IL1R1,MAPK3","signal transduction through il1r(B)",0.0032,35,1,0.301,0.301,"IL1RN","signal transduction through il1r(B)",0.0032,35,3,0.0261,0.1043,"IL1RN,FOS,IL1B",1,1,0.314393529915594,1,1,FALSE,FALSE,FALSE,FALSE,FALSE
"27","Cytokine-cytokine receptor interaction(K)",0.0244,265,8,0.00666,0.1259,"CXCL16,IL18RAP,IL1R1,IL1R2,CSF2RA,FLT1,OSM,IL18R1","Cytokine-cytokine receptor interaction(K)",0.0244,265,10,0.000408,0.0241,"IL7R,CCR2,IL17RA,LTB,CCL11,CXCR4,IL2RG,IL21R,CCL19,IL12RB1","Cytokine-cytokine receptor interaction(K)",0.0244,265,17,7.78e-06,0.000241,"IL1R2,IL1B,CXCR4,CXCR1,CXCR2,CCL18,CCL24,IL10RA,OSM,CSF3R,CXCL13,IL18RAP,CSF2RB,TNFRSF10C,TNFRSF1B,CCL4,CCL3",0.0792717978769858,0.0768958411711895,0.347351356477604,0.0685888774910641,0.124358961941448,TRUE,TRUE,FALSE,TRUE,FALSE
"28","IL23-mediated signaling events(N)",0.0034,37,3,0.00699,0.1259,"IL18RAP,SOCS3,IL18R1","IL23-mediated signaling events(N)",0.0034,37,1,0.3152,0.3152,"IL12RB1","IL23-mediated signaling events(N)",0.0034,37,3,0.03,0.1201,"IL1B,IL18RAP,SOCS3",1,1,0.363419271231717,1,1,FALSE,FALSE,FALSE,FALSE,FALSE
"29","GMCSF-mediated signaling events(N)",0.0034,37,3,0.00699,0.1259,"CSF2RA,MAPK3,OSM","GMCSF-mediated signaling events(N)",0.0034,37,2,0.0555,0.2378,"IRF8,PTPN11","GMCSF-mediated signaling events(N)",0.0034,37,3,0.03,0.1201,"FOS,OSM,CSF2RB",1,1,0.363419109821838,1,1,FALSE,FALSE,FALSE,FALSE,FALSE
"31","RET signaling(R)",0.0204,222,7,0.00876,0.1472,"IRS2,GRB10,CSF2RA,RASGRP4,RASGEF1A,PDLIM7,MAPK3","RET signaling(R)",0.0204,222,3,0.3961,0.3961,"JAK3,IL2RG,PTPN11","RET signaling(R)",0.0204,222,4,0.5693,0.5693,"EREG,HBEGF,CSF2RB,RASGRP4",1,1,0.441972673729994,1,1,FALSE,FALSE,FALSE,FALSE,FALSE
"35","Osteoclast differentiation(K)",0.0121,132,5,0.0126,0.1788,"SPI1,IL1R1,SOCS3,MAPK3,MAPK14","Osteoclast differentiation(K)",0.0121,132,2,0.3909,0.3909,"SIRPB1,LILRA3","Osteoclast differentiation(K)",0.0121,132,19,6.19e-12,1.55e-09,"SPI1,JUNB,PIK3R5,FOS,IL1B,LILRA1,LILRA2,LILRA5,LILRB2,LILRB3,FOSB,NCF2,NCF4,TYROBP,SOCS3,FCGR3A,LCP2,FCGR2A,FCGR2B",9.44142806181659e-05,7.00744589846966e-05,0.572971402895832,1,0.000539798444096254,TRUE,TRUE,FALSE,FALSE,TRUE
"38","Syndecan-1-mediated signaling events(N)",0.0016,17,2,0.0138,0.1795,"MMP9,MAPK3","Syndecan-1-mediated signaling events(N)",0.0016,17,1,0.1595,0.2567,"MMP9","Syndecan-1-mediated signaling events(N)",0.0016,17,1,0.2642,0.2679,"MMP9",1,1,0.604887602489535,1,1,FALSE,FALSE,FALSE,FALSE,FALSE
"40","Angiopoietin receptor Tie2-mediated signaling(N)",0.0046,50,3,0.0157,0.2037,"BMX,MAPK3,MAPK14","Angiopoietin receptor Tie2-mediated signaling(N)",0.0046,50,2,0.0931,0.2567,"FN1,PTPN11","Angiopoietin receptor Tie2-mediated signaling(N)",0.0046,50,2,0.2281,0.2679,"FN1,ITGA5",1,1,0.648588327129978,1,1,FALSE,FALSE,FALSE,FALSE,FALSE
"41","Mineral absorption(K)",0.0048,52,3,0.0174,0.2211,"SLC8A1,SLC11A1,SLC40A1","Mineral absorption(K)",0.0048,52,3,0.0166,0.1657,"SLC8A1,SLC11A1,VDR","Mineral absorption(K)",0.0048,52,2,0.2414,0.2679,"SLC34A2,SLC11A1",1,1,0.681747447338982,0.668007155661686,1,FALSE,FALSE,FALSE,FALSE,FALSE
"44","Signaling by Leptin(R)",0.0192,209,6,0.0224,0.2211,"IRS2,CSF2RA,RASGRP4,SOCS3,RASGEF1A,MAPK3","Signaling by Leptin(R)",0.0192,209,3,0.3601,0.3601,"JAK3,IL2RG,PTPN11","Signaling by Leptin(R)",0.0192,209,5,0.3258,0.3258,"EREG,HBEGF,CSF2RB,RASGRP4,SOCS3",1,1,0.755398830600025,1,1,FALSE,FALSE,FALSE,FALSE,FALSE
"46","Platelet homeostasis(R)",0.0054,59,3,0.0241,0.2211,"SLC8A1,MRVI1,MAPK14","Platelet homeostasis(R)",0.0054,59,4,0.00328,0.061,"SLC8A1,ITPR1,ATP2A3,PTPN11","Platelet homeostasis(R)",0.0054,59,1,0.656,0.656,"FGR",0.264070810121419,0.184218909927812,0.774427853836974,0.200449701889838,1,FALSE,FALSE,FALSE,FALSE,FALSE
"47","nfkb activation by nontypeable hemophilus influenzae(B)",0.0022,24,2,0.0263,0.2211,"TLR2,MAPK3","nfkb activation by nontypeable hemophilus influenzae(B)",0.0022,24,1,0.2176,0.2567,"TLR2","nfkb activation by nontypeable hemophilus influenzae(B)",0.0022,24,2,0.0704,0.2112,"IL1B,TLR2",1,1,0.795737118284195,1,1,FALSE,FALSE,FALSE,FALSE,FALSE
"49","VEGFR3 signaling in lymphatic endothelium(N)",0.0023,25,2,0.0283,0.2211,"MAPK3,MAPK14","VEGFR3 signaling in lymphatic endothelium(N)",0.0023,25,2,0.0274,0.206,"RPS6KA1,FN1","VEGFR3 signaling in lymphatic endothelium(N)",0.0023,25,2,0.0755,0.2226,"FN1,ITGA5",1,1,0.812425294099318,0.798413749365956,1,FALSE,FALSE,FALSE,FALSE,FALSE
"50","S1P3 pathway(N)",0.0023,25,2,0.0283,0.2211,"FLT1,MAPK3","S1P3 pathway(N)",0.0023,25,1,0.2256,0.2567,"CXCR4","S1P3 pathway(N)",0.0023,25,1,0.3633,0.3633,"CXCR4",1,1,0.812425072548313,1,1,FALSE,FALSE,FALSE,FALSE,FALSE
"51","Endogenous TLR signaling(N)",0.0023,25,2,0.0283,0.2211,"LY96,TLR2","Endogenous TLR signaling(N)",0.0023,25,1,0.2256,0.2567,"TLR2","Endogenous TLR signaling(N)",0.0023,25,5,0.000102,0.00199,"CD14,TLR4,TLR2,S100A9,S100A8",0.752715502413544,0.789676541882164,0.812425539335513,1,0.272981714570657,FALSE,FALSE,FALSE,FALSE,FALSE
"52","Signaling events mediated by VEGFR1 and VEGFR2(N)",0.0058,63,3,0.0285,0.2211,"FLT1,MAPK3,MAPK14","Signaling events mediated by VEGFR1 and VEGFR2(N)",0.0058,63,2,0.1361,0.2567,"ARF1,PTPN11","Signaling events mediated by VEGFR1 and VEGFR2(N)",0.0058,63,1,0.6801,0.6801,"PRKCB",1,1,0.813972238092059,1,1,FALSE,FALSE,FALSE,FALSE,FALSE
"56","Signaling by VEGF(R)",0.0264,287,7,0.0307,0.2211,"IRS2,CSF2RA,RASGRP4,FLT1,RASGEF1A,MAPK3,MAPK14","Signaling by VEGF(R)",0.0264,287,3,0.5642,0.5642,"ITPR1,JAK3,IL2RG","Signaling by VEGF(R)",0.0264,287,7,0.2624,0.2679,"PRKCB,EREG,HBEGF,NCF2,NCF4,CSF2RB,RASGRP4",1,1,0.829699315736742,1,1,FALSE,FALSE,FALSE,FALSE,FALSE
"57","BCR signaling pathway(N)",0.006,65,3,0.0308,0.2211,"BCL2A1,MAPK3,MAPK14","BCR signaling pathway(N)",0.006,65,1,0.4862,0.4862,"DAPP1","BCR signaling pathway(N)",0.006,65,4,0.031,0.1239,"FOS,PTPRC,BCL2A1,FCGR2B",1,1,0.830362500725357,1,1,FALSE,FALSE,FALSE,FALSE,FALSE
"59","cGMP-PKG signaling pathway(K)",0.0155,168,5,0.0315,0.2211,"IRS2,SLC8A1,MEF2A,MRVI1,MAPK3","cGMP-PKG signaling pathway(K)",0.0155,168,3,0.2464,0.2567,"SLC8A1,ITPR1,ATP2A3","cGMP-PKG signaling pathway(K)",0.0155,168,3,0.5853,0.5853,"PIK3R5,RGS2,PPIF",1,1,0.834886893188909,1,1,FALSE,FALSE,FALSE,FALSE,FALSE
"61","Signaling by SCF-KIT(R)",0.0267,290,7,0.0322,0.2211,"IRS2,GRB10,CSF2RA,RASGRP4,RASGEF1A,MMP9,MAPK3","Signaling by SCF-KIT(R)",0.0267,290,5,0.1761,0.2567,"IER3,JAK3,MMP9,IL2RG,PTPN11","Signaling by SCF-KIT(R)",0.0267,290,5,0.6018,0.6018,"EREG,HBEGF,CSF2RB,RASGRP4,MMP9",1,1,0.83921738459745,1,1,FALSE,FALSE,FALSE,FALSE,FALSE
"62","VEGFR1 specific signals(N)",0.0025,27,2,0.0326,0.2211,"FLT1,MAPK3","VEGFR1 specific signals(N)",0.0025,27,1,0.2413,0.2567,"PTPN11","VEGFR1 specific signals(N)",0.0025,27,1,0.3859,0.3859,"PRKCB",1,1,0.841610213946057,1,1,FALSE,FALSE,FALSE,FALSE,FALSE
"64","Central carbon metabolism in cancer(K)",0.0062,67,3,0.0333,0.2211,"G6PD,HK3,MAPK3","Central carbon metabolism in cancer(K)",0.0062,67,1,0.4967,0.4967,"SLC16A3","Central carbon metabolism in cancer(K)",0.0062,67,2,0.3406,0.3406,"PIK3R5,SLC7A5",1,1,0.845656642642882,1,1,FALSE,FALSE,FALSE,FALSE,FALSE
"65","NCAM signaling for neurite out-growth(R)",0.0213,231,6,0.0341,0.2211,"IRS2,CSF2RA,RASGRP4,COL9A2,RASGEF1A,MAPK3","NCAM signaling for neurite out-growth(R)",0.0213,231,2,0.6859,0.6859,"JAK3,IL2RG","NCAM signaling for neurite out-growth(R)",0.0213,231,4,0.6007,0.6007,"EREG,HBEGF,CSF2RB,RASGRP4",1,1,0.850077895395752,1,1,FALSE,FALSE,FALSE,FALSE,FALSE
"67","Toxoplasmosis(K)",0.0109,118,4,0.0353,0.2211,"LY96,TLR2,MAPK3,MAPK14","Toxoplasmosis(K)",0.0109,118,3,0.1207,0.2567,"CIITA,TLR2,ALOX5","Toxoplasmosis(K)",0.0109,118,7,0.00597,0.0418,"PIK3R5,TLR4,TLR2,ALOX5,IL10RA,PPIF,HSPA6",1,1,0.856330682810733,1,0.911570128381581,FALSE,FALSE,FALSE,FALSE,FALSE
"68","Osteopontin-mediated events(N)",0.0027,29,2,0.0371,0.2211,"MMP9,MAPK3","Osteopontin-mediated events(N)",0.0027,29,2,0.0359,0.2154,"MMP9,SPP1","Osteopontin-mediated events(N)",0.0027,29,4,0.00201,0.0181,"FOS,SPP1,PLAU,MMP9",1,1,0.864936813331248,0.850732307623667,0.759926867720501,FALSE,FALSE,FALSE,FALSE,FALSE
"69","Adipocytokine signaling pathway(K)",0.0064,70,3,0.0371,0.2211,"IRS2,ACSL1,SOCS3","Adipocytokine signaling pathway(K)",0.0064,70,1,0.5119,0.5119,"PTPN11","Adipocytokine signaling pathway(K)",0.0064,70,3,0.1338,0.2676,"ACSL1,SOCS3,TNFRSF1B",1,1,0.864937123478963,1,1,FALSE,FALSE,FALSE,FALSE,FALSE
"74","Tuberculosis(K)",0.0165,179,5,0.0396,0.2211,"RAB5C,CAMP,TLR2,MAPK3,MAPK14","Tuberculosis(K)",0.0165,179,7,0.00252,0.0579,"CLEC7A,VDR,CIITA,ITGB2,TCIRG1,ITGAX,TLR2","Tuberculosis(K)",0.0165,179,17,3.79e-08,2.35e-06,"CD14,PLK3,FCER1G,IL1B,TLR4,TLR2,IL10RA,CLEC4E,CORO1A,CLEC7A,ITGAM,ITGB2,FCGR3A,ITGAX,CR1,FCGR2A,FCGR2B",0.0552992879045789,0.0525433395560359,0.87555370295892,0.154204023554501,0.0178348348896574,TRUE,TRUE,FALSE,FALSE,TRUE
"76","Transcriptional misregulation in cancer(K)",0.0166,180,5,0.0404,0.2211,"SPI1,IL1R2,FLT1,MMP9,BCL2A1","Transcriptional misregulation in cancer(K)",0.0166,180,2,0.5506,0.5506,"MMP9,ETV6","Transcriptional misregulation in cancer(K)",0.0166,180,10,0.00175,0.0175,"SPI1,IL1R2,CD14,PLAT,PLAU,DEFA3,NR4A3,ITGAM,MMP9,BCL2A1",1,1,0.878661925926072,1,0.734403725660608,FALSE,FALSE,FALSE,FALSE,FALSE
"78","AMPK signaling pathway(K)",0.0114,124,4,0.0411,0.2211,"IRS2,PFKFB2,PFKFB4,PFKFB3","AMPK signaling pathway(K)",0.0114,124,2,0.3618,0.3618,"FBP1,PPP2R2B","AMPK signaling pathway(K)",0.0114,124,2,0.6559,0.6559,"PIK3R5,PFKFB3",1,1,0.881277859450031,1,1,FALSE,FALSE,FALSE,FALSE,FALSE
"79","Leishmaniasis(K)",0.0067,73,3,0.0412,0.2211,"TLR2,MAPK3,MAPK14","Leishmaniasis(K)",0.0067,73,2,0.1715,0.2567,"ITGB2,TLR2","Leishmaniasis(K)",0.0067,73,13,1.22e-09,2.04e-07,"PRKCB,FOS,IL1B,TLR4,TLR2,PTGS2,NCF2,NCF4,ITGAM,ITGB2,FCGR3A,CR1,FCGR2A",0.00745957090842559,0.00671238112124868,0.881646641712302,1,0.00475358643245459,TRUE,TRUE,FALSE,FALSE,TRUE
"82","Pertussis(K)",0.007,76,3,0.0454,0.2211,"LY96,MAPK3,MAPK14","Pertussis(K)",0.007,76,3,0.0435,0.2378,"NLRP3,ITGB2,IRF8","Pertussis(K)",0.007,76,8,8.36e-05,0.00167,"CD14,FOS,IL1B,TLR4,NLRP3,ITGAM,ITGB2,ITGA5",0.684610701905844,0.708519226898171,0.895600964622352,0.880618880206233,0.258969677118814,FALSE,FALSE,FALSE,FALSE,FALSE
"83","Trk receptor signaling mediated by the MAPK pathway(N)",0.003,33,2,0.0467,0.2211,"MAPK3,MAPK14","Trk receptor signaling mediated by the MAPK pathway(N)",0.003,33,1,0.2865,0.2865,"RPS6KA1","Trk receptor signaling mediated by the MAPK pathway(N)",0.003,33,2,0.1201,0.2402,"EGR1,FOS",1,1,0.899375343715743,1,1,FALSE,FALSE,FALSE,FALSE,FALSE
"86","MAPK signaling pathway(K)",0.0235,255,6,0.0508,0.2211,"IL1R1,IL1R2,RASGRP4,GADD45A,MAPK3,MAPK14","MAPK signaling pathway(K)",0.0235,255,2,0.7372,0.7372,"RPS6KA1,PTPN7","MAPK signaling pathway(K)",0.0235,255,10,0.0182,0.091,"PRKCB,IL1R2,CD14,RAC2,DUSP1,FOS,IL1B,FLNA,RASGRP4,HSPA6",1,1,0.909909432421708,1,1,FALSE,FALSE,FALSE,FALSE,FALSE
"87","FoxO signaling pathway(K)",0.0123,134,4,0.0519,0.2211,"IRS2,GADD45A,MAPK3,MAPK14","FoxO signaling pathway(K)",0.0123,134,1,0.7477,0.7477,"IL7R","FoxO signaling pathway(K)",0.0123,134,3,0.4354,0.4354,"PIK3R5,PLK3,SOD2",1,1,0.912426487178942,1,1,FALSE,FALSE,FALSE,FALSE,FALSE
"88","CXCR3-mediated signaling events(N)",0.0032,35,2,0.0519,0.2211,"MAPK3,MAPK14","CXCR3-mediated signaling events(N)",0.0032,35,1,0.301,0.301,"CCL11","CXCR3-mediated signaling events(N)",0.0032,35,1,0.4686,0.4686,"CXCL13",1,1,0.912426675113526,1,1,FALSE,FALSE,FALSE,FALSE,FALSE
"93","RAF/MAP kinase cascade(R)",0.0185,201,5,0.0594,0.2211,"IRS2,CSF2RA,RASGRP4,RASGEF1A,MAPK3","RAF/MAP kinase cascade(R)",0.0185,201,2,0.6108,0.6108,"JAK3,IL2RG","RAF/MAP kinase cascade(R)",0.0185,201,4,0.4914,0.4914,"EREG,HBEGF,CSF2RB,RASGRP4",1,1,1,1,1,FALSE,FALSE,FALSE,FALSE,FALSE
"100","Bladder cancer(K)",0.0038,41,2,0.0684,0.2211,"MMP9,MAPK3","Bladder cancer(K)",0.0038,41,2,0.0664,0.2567,"MMP9,TYMP","Bladder cancer(K)",0.0038,41,3,0.0388,0.1552,"HBEGF,MMP9,THBS1",1,1,1,1,1,FALSE,FALSE,FALSE,FALSE,FALSE
"101","Signaling by Insulin receptor(R)",0.0255,277,6,0.0698,0.2211,"IRS2,GRB10,CSF2RA,RASGRP4,RASGEF1A,MAPK3","Signaling by Insulin receptor(R)",0.0255,277,4,0.3141,0.3141,"TCIRG1,JAK3,IL2RG,PTPN11","Signaling by Insulin receptor(R)",0.0255,277,4,0.738,0.738,"EREG,HBEGF,CSF2RB,RASGRP4",1,1,1,1,1,FALSE,FALSE,FALSE,FALSE,FALSE
"105","NF-kappa B signaling pathway(K)",0.0087,95,3,0.0773,0.2211,"IL1R1,LY96,BCL2A1","NF-kappa B signaling pathway(K)",0.0087,95,2,0.2533,0.2567,"LTB,CCL19","NF-kappa B signaling pathway(K)",0.0087,95,8,0.000373,0.00523,"PRKCB,CD14,IL1B,TLR4,PTGS2,PLAU,BCL2A1,CCL4",1,1,1,1,0.393529616838753,FALSE,FALSE,FALSE,FALSE,FALSE
"106","il-2 receptor beta chain in t cell activation(B)",0.004,44,2,0.0773,0.2211,"SOCS3,MAPK3","il-2 receptor beta chain in t cell activation(B)",0.004,44,2,0.075,0.2567,"IL2RG,PTPN11","il-2 receptor beta chain in t cell activation(B)",0.004,44,2,0.1888,0.2679,"FOS,SOCS3",1,1,1,1,1,FALSE,FALSE,FALSE,FALSE,FALSE
"110","Endocrine resistance(K)",0.009,98,3,0.083,0.2211,"MMP9,MAPK3,MAPK14","Endocrine resistance(K)",0.009,98,1,0.6342,0.6342,"MMP9","Endocrine resistance(K)",0.009,98,4,0.1027,0.2226,"PIK3R5,FOS,HBEGF,MMP9",1,1,1,1,1,FALSE,FALSE,FALSE,FALSE,FALSE
"111","FGF signaling pathway(N)",0.0043,47,2,0.0865,0.2211,"MMP9,MAPK3","FGF signaling pathway(N)",0.0043,47,4,0.00145,0.045,"RPS6KA1,MMP9,SPP1,PTPN11","FGF signaling pathway(N)",0.0043,47,5,0.00175,0.0175,"FOS,SPP1,PLAU,PLAUR,MMP9",0.399155094724448,0.395251864075679,1,0.124347369252514,0.734403603562157,FALSE,FALSE,FALSE,FALSE,FALSE
"112","IL6-mediated signaling events(N)",0.0043,47,2,0.0865,0.2211,"SOCS3,MAPK14","IL6-mediated signaling events(N)",0.0043,47,1,0.3819,0.3819,"PTPN11","IL6-mediated signaling events(N)",0.0043,47,5,0.00175,0.0175,"JUNB,FOS,HCK,SOCS3,PTPRE",1,1,1,1,0.734403610145132,FALSE,FALSE,FALSE,FALSE,FALSE
"115","Estrogen signaling pathway(K)",0.0092,100,3,0.0869,0.2211,"FKBP5,MMP9,MAPK3","Estrogen signaling pathway(K)",0.0092,100,2,0.2722,0.2722,"ITPR1,MMP9","Estrogen signaling pathway(K)",0.0092,100,5,0.0359,0.1437,"PIK3R5,FOS,HBEGF,HSPA6,MMP9",1,1,1,1,1,FALSE,FALSE,FALSE,FALSE,FALSE
"119","Ras signaling pathway(K)",0.0211,229,5,0.0914,0.2211,"ETS2,RAB5C,RASGRP4,FLT1,MAPK3","Ras signaling pathway(K)",0.0211,229,1,0.906,0.906,"PTPN11","Ras signaling pathway(K)",0.0211,229,4,0.5938,0.5938,"PRKCB,PIK3R5,RAC2,RASGRP4",1,1,1,1,1,FALSE,FALSE,FALSE,FALSE,FALSE
"120","Chagas disease (American trypanosomiasis)(K)",0.0096,104,3,0.095,0.2211,"TLR2,MAPK3,MAPK14","Chagas disease (American trypanosomiasis)(K)",0.0096,104,2,0.2873,0.2873,"TLR2,PPP2R2B","Chagas disease (American trypanosomiasis)(K)",0.0096,104,6,0.012,0.0708,"PIK3R5,FOS,IL1B,TLR4,TLR2,CCL3",1,1,1,1,1,FALSE,FALSE,FALSE,FALSE,FALSE
"121","Gastrin-CREB signalling pathway via PKC and MAPK(R)",0.0346,376,7,0.0978,0.2211,"IRS2,PROK2,CSF2RA,RASGRP4,LTB4R,RASGEF1A,MAPK3","Gastrin-CREB signalling pathway via PKC and MAPK(R)",0.0346,376,5,0.3395,0.3395,"RPS6KA1,ITPR1,JAK3,IL2RG,AGT","Gastrin-CREB signalling pathway via PKC and MAPK(R)",0.0346,376,9,0.2402,0.2679,"PROK2,EREG,FPR2,HBEGF,GPR65,RGS2,CSF2RB,RASGRP4,RGS18",1,1,1,1,1,FALSE,FALSE,FALSE,FALSE,FALSE
"126","Th17 cell differentiation(K)",0.0098,107,3,0.1012,0.2211,"IL1R1,MAPK3,MAPK14","Th17 cell differentiation(K)",0.0098,107,5,0.00501,0.0752,"FOXP3,JAK3,IL2RG,IL21R,IL12RB1","Th17 cell differentiation(K)",0.0098,107,2,0.576,0.576,"FOS,IL1B",0.674998658024436,0.473365270830253,1,0.294442199603972,1,FALSE,FALSE,FALSE,FALSE,FALSE
"127","NOD-like receptor signaling pathway(K)",0.0156,170,4,0.102,0.2211,"CAMP,MAPK3,CARD6,MAPK14","NOD-like receptor signaling pathway(K)",0.0156,170,5,0.0308,0.2154,"ITPR1,NLRP3,TRPV2,PSTPIP1,IKBKE","NOD-like receptor signaling pathway(K)",0.0156,170,6,0.0891,0.2226,"NAMPT,MEFV,IL1B,TLR4,NLRP12,NLRP3",1,1,1,0.822604457335935,1,FALSE,FALSE,FALSE,FALSE,FALSE
"130","Insulin resistance(K)",0.01,109,3,0.1055,0.2211,"IRS2,SOCS3,PYGL","Insulin resistance(K)",0.01,109,4,0.026,0.206,"RPS6KA1,PPARGC1B,PTPN1,PTPN11","Insulin resistance(K)",0.01,109,3,0.3141,0.3141,"PRKCB,PIK3R5,SOCS3",1,1,1,0.786785045430954,1,FALSE,FALSE,FALSE,FALSE,FALSE
"135","Legionellosis(K)",0.0051,55,2,0.1124,0.2211,"TLR5,TLR2","Legionellosis(K)",0.0051,55,3,0.0192,0.1726,"ARF1,ITGB2,TLR2","Legionellosis(K)",0.0051,55,8,8.66e-06,0.000251,"CD14,IL1B,TLR4,TLR2,HSPA6,ITGAM,ITGB2,CR1",0.361413359291572,0.37288617137069,1,0.710137827662938,0.129021970058645,FALSE,FALSE,FALSE,FALSE,FALSE
"136","Non-small cell lung cancer(K)",0.0052,56,2,0.1158,0.2211,"TGFA,MAPK3","Non-small cell lung cancer(K)",0.0052,56,1,0.4364,0.4364,"EML4","Non-small cell lung cancer(K)",0.0052,56,2,0.2679,0.2679,"PRKCB,PIK3R5",1,1,1,1,1,FALSE,FALSE,FALSE,FALSE,FALSE
"146","Acute myeloid leukemia(K)",0.0052,57,2,0.1192,0.2211,"SPI1,MAPK3","Acute myeloid leukemia(K)",0.0052,57,1,0.4422,0.4422,"PIM2","Acute myeloid leukemia(K)",0.0052,57,2,0.2746,0.2746,"SPI1,PIK3R5",1,1,1,1,1,FALSE,FALSE,FALSE,FALSE,FALSE
"147","ER to Golgi Anterograde Transport(R)",0.0108,117,3,0.1232,0.2211,"TGFA,F5,CD59","ER to Golgi Anterograde Transport(R)",0.0108,117,1,0.6993,0.6993,"SERPINA1","ER to Golgi Anterograde Transport(R)",0.0108,117,2,0.6245,0.6245,"SERPINA1,AREG",1,1,1,1,1,FALSE,FALSE,FALSE,FALSE,FALSE
"148","B cell activation(P)",0.0054,59,2,0.126,0.2211,"MAPK3,MAPK14","B cell activation(P)",0.0054,59,1,0.4535,0.4535,"ITPR1","B cell activation(P)",0.0054,59,4,0.0228,0.0938,"PRKCB,RAC2,FOS,PTPRC",1,1,1,1,1,FALSE,FALSE,FALSE,FALSE,FALSE
"160","Signaling by Type 1 Insulin-like Growth Factor 1 Receptor (IGF1R)(R)",0.0235,255,5,0.1276,0.2211,"IRS2,CSF2RA,RASGRP4,RASGEF1A,MAPK3","Signaling by Type 1 Insulin-like Growth Factor 1 Receptor (IGF1R)(R)",0.0235,255,3,0.4845,0.4845,"JAK3,IL2RG,PTPN11","Signaling by Type 1 Insulin-like Growth Factor 1 Receptor (IGF1R)(R)",0.0235,255,4,0.6773,0.6773,"EREG,HBEGF,CSF2RB,RASGRP4",1,1,1,1,1,FALSE,FALSE,FALSE,FALSE,FALSE
"161","Signaling by PDGF(R)",0.0302,328,6,0.1277,0.2211,"IRS2,CSF2RA,RASGRP4,COL9A2,RASGEF1A,MAPK3","Signaling by PDGF(R)",0.0302,328,6,0.1201,0.2567,"IER3,ITPR1,JAK3,IL2RG,SPP1,PTPN11","Signaling by PDGF(R)",0.0302,328,7,0.38,0.38,"EREG,HBEGF,SPP1,PLAT,CSF2RB,RASGRP4,THBS1",1,1,1,1,1,FALSE,FALSE,FALSE,FALSE,FALSE
"162","Herpes simplex infection(K)",0.017,185,4,0.1278,0.2211,"SOCS3,SRPK1,UBE2R2,TLR2","Herpes simplex infection(K)",0.017,185,3,0.2932,0.2932,"IKBKE,TLR2,PTPN11","Herpes simplex infection(K)",0.017,185,5,0.2431,0.2679,"PILRA,FOS,IL1B,TLR2,SOCS3",1,1,1,1,1,FALSE,FALSE,FALSE,FALSE,FALSE
"163","Neurotrophin signaling pathway(K)",0.0111,121,3,0.1324,0.2211,"MAPK3,SORT1,MAPK14","Neurotrophin signaling pathway(K)",0.0111,121,2,0.3508,0.3508,"RPS6KA1,PTPN11","Neurotrophin signaling pathway(K)",0.0111,121,1,0.8886,0.8886,"PIK3R5",1,1,1,1,1,FALSE,FALSE,FALSE,FALSE,FALSE
"169","Ras signaling in the CD4+ TCR pathway(N)",0.0013,14,1,0.1356,0.2211,"MAPK3","Ras signaling in the CD4+ TCR pathway(N)",0.0013,14,1,0.1333,0.2567,"PTPN7","Ras signaling in the CD4+ TCR pathway(N)",0.0013,14,2,0.0269,0.1076,"PRKCB,FOS",1,1,1,1,1,FALSE,FALSE,FALSE,FALSE,FALSE
"171","Ras Pathway(P)",0.0058,63,2,0.14,0.2211,"MAPK3,MAPK14","Ras Pathway(P)",0.0058,63,1,0.4755,0.4755,"RPS6KA1","Ras Pathway(P)",0.0058,63,1,0.6801,0.6801,"RAC2",1,1,1,1,1,FALSE,FALSE,FALSE,FALSE,FALSE
"177","Arf6 downstream pathway(N)",0.0014,15,1,0.1445,0.2211,"MAPK3","Arf6 downstream pathway(N)",0.0014,15,1,0.1421,0.2567,"ARF1","Arf6 downstream pathway(N)",0.0014,15,1,0.2372,0.2679,"PLAUR",1,1,1,1,1,FALSE,FALSE,FALSE,FALSE,FALSE
"179","Interferon-gamma signaling pathway(P)",0.0014,15,1,0.1445,0.2211,"SOCS3","Interferon-gamma signaling pathway(P)",0.0014,15,1,0.1421,0.2567,"PTPN11","Interferon-gamma signaling pathway(P)",0.0014,15,1,0.2372,0.2679,"SOCS3",1,1,1,1,1,FALSE,FALSE,FALSE,FALSE,FALSE
"181","HIF-1-alpha transcription factor network(N)",0.006,65,2,0.1471,0.2211,"PFKFB3,ADM","HIF-1-alpha transcription factor network(N)",0.006,65,2,0.143,0.2567,"ITGB2,CXCR4","HIF-1-alpha transcription factor network(N)",0.006,65,5,0.00684,0.0479,"ADM,FOS,CXCR4,PFKFB3,ITGB2",1,1,1,1,0.923040766385848,FALSE,FALSE,FALSE,FALSE,FALSE
"182","Signalling by NGF(R)",0.0387,421,7,0.1496,0.2211,"IRS2,MEF2A,CSF2RA,RASGRP4,RASGEF1A,MAPK3,MAPK14","Signalling by NGF(R)",0.0387,421,7,0.1402,0.2567,"RPS6KA1,IER3,ITPR1,JAK3,IL2RG,FGD2,PTPN11","Signalling by NGF(R)",0.0387,421,5,0.8795,0.8795,"PREX1,EREG,HBEGF,CSF2RB,RASGRP4",1,1,1,1,1,FALSE,FALSE,FALSE,FALSE,FALSE
"193","Renal cell carcinoma(K)",0.0062,67,2,0.1543,0.2211,"TGFA,MAPK3","Renal cell carcinoma(K)",0.0062,67,1,0.4967,0.4967,"PTPN11","Renal cell carcinoma(K)",0.0062,67,1,0.7024,0.7024,"PIK3R5",1,1,1,1,1,FALSE,FALSE,FALSE,FALSE,FALSE
"194","Focal adhesion(K)",0.0185,201,4,0.1579,0.2211,"COL9A2,FLT1,MAPK3,ZYX","Focal adhesion(K)",0.0185,201,4,0.1509,0.2567,"COMP,FN1,PARVG,SPP1","Focal adhesion(K)",0.0185,201,8,0.0305,0.1221,"PRKCB,PIK3R5,FN1,RAC2,SPP1,FLNA,ITGA5,THBS1",1,1,1,1,1,FALSE,FALSE,FALSE,FALSE,FALSE
"196","Direct p53 effectors(N)",0.0121,132,3,0.159,0.2211,"TGFA,GADD45A,BCL2A1","Direct p53 effectors(N)",0.0121,132,3,0.1532,0.2567,"VDR,SH2D1A,SPP1","Direct p53 effectors(N)",0.0121,132,6,0.0336,0.1343,"PLK3,BTG2,DUSP1,SPP1,TNFRSF10C,BCL2A1",1,1,1,1,1,FALSE,FALSE,FALSE,FALSE,FALSE
"197","Hepatitis C(K)",0.0122,133,3,0.1615,0.2211,"SOCS3,MAPK3,MAPK14","Hepatitis C(K)",0.0122,133,2,0.3945,0.3945,"IKBKE,PPP2R2B","Hepatitis C(K)",0.0122,133,2,0.6932,0.6932,"PIK3R5,SOCS3",1,1,1,1,1,FALSE,FALSE,FALSE,FALSE,FALSE
"208","Fc epsilon RI signaling pathway(K)",0.0064,70,2,0.1652,0.2211,"MAPK3,MAPK14","Fc epsilon RI signaling pathway(K)",0.0064,70,1,0.5119,0.5119,"ALOX5","Fc epsilon RI signaling pathway(K)",0.0064,70,6,0.00184,0.0181,"PIK3R5,RAC2,FCER1G,ALOX5,LCP2,ALOX5AP",1,1,1,1,0.743666257694949,FALSE,FALSE,FALSE,FALSE,FALSE
"209","Proteoglycans in cancer(K)",0.0189,205,4,0.1658,0.2211,"MMP9,TLR2,MAPK3,MAPK14","Proteoglycans in cancer(K)",0.0189,205,5,0.0597,0.2389,"ITPR1,FN1,MMP9,TLR2,PTPN11","Proteoglycans in cancer(K)",0.0189,205,13,0.000105,0.00199,"PRKCB,PIK3R5,FN1,TLR4,TLR2,HBEGF,FLNA,PLAU,PLAUR,MMP9,ITGA5,THBS1,LUM",1,1,1,1,0.275051669915191,FALSE,FALSE,FALSE,FALSE,FALSE
"215","Ubiquitin mediated proteolysis(K)",0.0126,137,3,0.1716,0.2211,"UBE2J1,SOCS3,UBE2R2","Ubiquitin mediated proteolysis(K)",0.0126,137,1,0.7554,0.7554,"UBE2C","Ubiquitin mediated proteolysis(K)",0.0126,137,1,0.9168,0.9168,"SOCS3",1,1,1,1,1,FALSE,FALSE,FALSE,FALSE,FALSE
"216","Adherens junction(K)",0.0066,72,2,0.1726,0.2211,"WAS,MAPK3","Adherens junction(K)",0.0066,72,1,0.5219,0.5219,"PTPN1","Adherens junction(K)",0.0066,72,1,0.7283,0.7283,"RAC2",1,1,1,1,1,FALSE,FALSE,FALSE,FALSE,FALSE
"218","Apoptosis(K)",0.0129,140,3,0.1793,0.2211,"GADD45A,BCL2A1,MAPK3","Apoptosis(K)",0.0129,140,1,0.7629,0.7629,"ITPR1","Apoptosis(K)",0.0129,140,5,0.1109,0.2226,"PIK3R5,FOS,CSF2RB,TNFRSF10C,BCL2A1",1,1,1,1,1,FALSE,FALSE,FALSE,FALSE,FALSE
"224","Rap1 signaling pathway(K)",0.0195,212,4,0.18,0.2211,"FLT1,SIPA1L2,MAPK3,MAPK14","Rap1 signaling pathway(K)",0.0195,212,3,0.3684,0.3684,"ITGB2,ITGAL,FYB","Rap1 signaling pathway(K)",0.0195,212,10,0.00552,0.0387,"PRKCB,FPR1,PIK3R5,RAC2,APBB1IP,ITGAM,ITGB2,LCP2,THBS1,FYB",1,1,1,1,0.904317939357554,FALSE,FALSE,FALSE,FALSE,FALSE
"225","O-linked glycosylation(R)",0.0069,75,2,0.1837,0.2211,"B3GNT5,B4GALT5","O-linked glycosylation(R)",0.0069,75,1,0.5364,0.5364,"ST3GAL3","O-linked glycosylation(R)",0.0069,75,1,0.7427,0.7427,"THBS1",1,1,1,1,1,FALSE,FALSE,FALSE,FALSE,FALSE
"230","Asparagine N-linked glycosylation(R)",0.0202,219,4,0.1945,0.2211,"TGFA,F5,B4GALT5,CD59","Asparagine N-linked glycosylation(R)",0.0202,219,2,0.6574,0.6574,"ST3GAL3,SERPINA1","Asparagine N-linked glycosylation(R)",0.0202,219,2,0.907,0.907,"SERPINA1,AREG",1,1,1,1,1,FALSE,FALSE,FALSE,FALSE,FALSE
"231","Hepatitis B(K)",0.0134,146,3,0.1949,0.2211,"MMP9,TLR2,MAPK3","Hepatitis B(K)",0.0134,146,3,0.1881,0.2567,"IKBKE,MMP9,TLR2","Hepatitis B(K)",0.0134,146,8,0.00538,0.0376,"PRKCB,PIK3R5,EGR2,EGR3,FOS,TLR4,TLR2,MMP9",1,1,1,1,0.901833376661262,FALSE,FALSE,FALSE,FALSE,FALSE
"237","igf-1 signaling pathway(B)",0.0019,21,1,0.1963,0.2211,"MAPK3","igf-1 signaling pathway(B)",0.0019,21,1,0.1932,0.2567,"PTPN11","igf-1 signaling pathway(B)",0.0019,21,1,0.3155,0.3155,"FOS",1,1,1,1,1,FALSE,FALSE,FALSE,FALSE,FALSE
"243","Complement and coagulation cascades(K)",0.0073,79,2,0.1987,0.2211,"F5,CD59","Complement and coagulation cascades(K)",0.0073,79,3,0.0478,0.2378,"SERPINA1,ITGB2,ITGAX","Complement and coagulation cascades(K)",0.0073,79,11,2.7e-07,1.22e-05,"C3AR1,SERPINA1,PLAT,PLAU,C5AR1,ITGAM,ITGB2,THBD,ITGAX,CR1,PLAUR",0.101268196120196,0.103034231873583,1,0.893277717049805,0.0374807593078956,FALSE,FALSE,FALSE,FALSE,TRUE
"245","Adrenergic signaling in cardiomyocytes(K)",0.0137,149,3,0.2028,0.2211,"SLC8A1,MAPK3,MAPK14","Adrenergic signaling in cardiomyocytes(K)",0.0137,149,2,0.4507,0.4507,"SLC8A1,PPP2R2B","Adrenergic signaling in cardiomyocytes(K)",0.0137,149,1,0.9332,0.9332,"PIK3R5",1,1,1,1,1,FALSE,FALSE,FALSE,FALSE,FALSE
"250","ccr3 signaling in eosinophils(B)",0.002,22,1,0.2047,0.2211,"MAPK3","ccr3 signaling in eosinophils(B)",0.002,22,1,0.2014,0.2567,"CCL11","ccr3 signaling in eosinophils(B)",0.002,22,1,0.3278,0.3278,"PRKCB",1,1,1,1,1,FALSE,FALSE,FALSE,FALSE,FALSE
"254","T cell activation(P)",0.0075,81,2,0.2063,0.2211,"WAS,MAPK3","T cell activation(P)",0.0075,81,1,0.5642,0.5642,"ITPR1","T cell activation(P)",0.0075,81,4,0.0601,0.1804,"RAC2,FOS,PTPRC,LCP2",1,1,1,1,1,FALSE,FALSE,FALSE,FALSE,FALSE
"256","C-MYB transcription factor network(N)",0.0075,82,2,0.21,0.2211,"SPI1,ETS2","C-MYB transcription factor network(N)",0.0075,82,1,0.5686,0.5686,"LYZ","C-MYB transcription factor network(N)",0.0075,82,2,0.4357,0.4357,"SPI1,PTGS2",1,1,1,1,1,FALSE,FALSE,FALSE,FALSE,FALSE
"257","L1CAM interactions(R)",0.0075,82,2,0.21,0.2211,"CD24,MAPK3","L1CAM interactions(R)",0.0075,82,1,0.5686,0.5686,"RPS6KA1","L1CAM interactions(R)",0.0075,82,1,0.7734,0.7734,"ITGA5",1,1,1,1,1,FALSE,FALSE,FALSE,FALSE,FALSE
"260","Signaling events mediated by PRL(N)",0.0021,23,1,0.2129,0.2211,"MAPK3","Signaling events mediated by PRL(N)",0.0021,23,1,0.2096,0.2567,"AGT","Signaling events mediated by PRL(N)",0.0021,23,1,0.3398,0.3398,"EGR1",1,1,1,1,1,FALSE,FALSE,FALSE,FALSE,FALSE
"263","corticosteroids and cardioprotection(B)",0.0022,24,1,0.2211,0.2211,"MAPK3","corticosteroids and cardioprotection(B)",0.0022,24,1,0.2176,0.2567,"CCL11","corticosteroids and cardioprotection(B)",0.0022,24,1,0.3517,0.3517,"CCL4",1,1,1,1,1,FALSE,FALSE,FALSE,FALSE,FALSE
"269","Alpha9 beta1 integrin signaling events(N)",0.0022,24,1,0.2211,0.2211,"CSF2RA","Alpha9 beta1 integrin signaling events(N)",0.0022,24,3,0.002,0.05,"ADAM8,FN1,SPP1","Alpha9 beta1 integrin signaling events(N)",0.0022,24,3,0.0097,0.0582,"FN1,SPP1,ADAM8",0.470204388937813,0.436473608470094,1,0.141435184701496,1,FALSE,FALSE,FALSE,FALSE,FALSE
"270","Jak-STAT signaling pathway(K)",0.0145,158,3,0.2271,0.2271,"CSF2RA,SOCS3,OSM","Jak-STAT signaling pathway(K)",0.0145,158,6,0.00585,0.0818,"IL7R,JAK3,IL2RG,IL21R,IL12RB1,PTPN11","Jak-STAT signaling pathway(K)",0.0145,158,6,0.0681,0.2043,"PIK3R5,IL10RA,OSM,CSF3R,CSF2RB,SOCS3",1,1,1,0.334424090642729,1,FALSE,FALSE,FALSE,FALSE,FALSE
"273","ras-independent pathway in nk cell-mediated cytotoxicity(B)",0.0023,25,1,0.2291,0.2291,"MAPK3","ras-independent pathway in nk cell-mediated cytotoxicity(B)",0.0023,25,1,0.2256,0.2567,"PTPN11","ras-independent pathway in nk cell-mediated cytotoxicity(B)",0.0023,25,1,0.3633,0.3633,"FCGR3A",1,1,1,1,1,FALSE,FALSE,FALSE,FALSE,FALSE
"277","Pathways in cancer(K)",0.0365,397,6,0.2326,0.2326,"SPI1,TGFA,CSF2RA,RASGRP4,MMP9,MAPK3","Pathways in cancer(K)",0.0365,397,3,0.7753,0.7753,"FN1,MMP9,CXCR4","Pathways in cancer(K)",0.0365,397,11,0.1063,0.2226,"SPI1,PRKCB,PIK3R5,FN1,RAC2,FOS,CXCR4,PTGS2,CSF3R,RASGRP4,MMP9",1,1,1,1,1,FALSE,FALSE,FALSE,FALSE,FALSE
"279","Signaling by EGFR(R)",0.0292,317,5,0.2348,0.2348,"IRS2,CSF2RA,RASGRP4,RASGEF1A,MAPK3","Signaling by EGFR(R)",0.0292,317,5,0.2241,0.2567,"IER3,ITPR1,JAK3,IL2RG,PTPN11","Signaling by EGFR(R)",0.0292,317,4,0.8259,0.8259,"EREG,HBEGF,CSF2RB,RASGRP4",1,1,1,1,1,FALSE,FALSE,FALSE,FALSE,FALSE
"283","IL3-mediated signaling events(N)",0.0024,26,1,0.2371,0.2371,"OSM","IL3-mediated signaling events(N)",0.0024,26,1,0.2335,0.2567,"PTPN11","IL3-mediated signaling events(N)",0.0024,26,2,0.0807,0.2226,"OSM,CSF2RB",1,1,1,1,1,FALSE,FALSE,FALSE,FALSE,FALSE
"285","RXR and RAR heterodimerization with other nuclear receptor(N)",0.0024,26,1,0.2371,0.2371,"ABCA1","RXR and RAR heterodimerization with other nuclear receptor(N)",0.0024,26,1,0.2335,0.2567,"VDR","RXR and RAR heterodimerization with other nuclear receptor(N)",0.0024,26,1,0.3747,0.3747,"ABCA1",1,1,1,1,1,FALSE,FALSE,FALSE,FALSE,FALSE
"290","Protein digestion and absorption(K)",0.0083,90,2,0.2406,0.2406,"SLC8A1,COL9A2","Protein digestion and absorption(K)",0.0083,90,1,0.6027,0.6027,"SLC8A1","Protein digestion and absorption(K)",0.0083,90,1,0.8041,0.8041,"MME",1,1,1,1,1,FALSE,FALSE,FALSE,FALSE,FALSE
"291","Rheumatoid arthritis(K)",0.0083,90,2,0.2406,0.2406,"FLT1,TLR2","Rheumatoid arthritis(K)",0.0083,90,5,0.00242,0.0579,"ITGB2,TCIRG1,ITGAL,LTB,TLR2","Rheumatoid arthritis(K)",0.0083,90,6,0.0062,0.0434,"FOS,IL1B,TLR4,TLR2,ITGB2,CCL3",0.481759019705788,0.450332037664454,1,0.151943895944332,0.914896526501529,FALSE,FALSE,FALSE,FALSE,FALSE
"293","DAP12 interactions(R)",0.0297,323,5,0.2464,0.2464,"IRS2,CSF2RA,RASGRP4,RASGEF1A,MAPK3","DAP12 interactions(R)",0.0297,323,7,0.0482,0.2378,"CLEC5A,IER3,ITPR1,SIRPB1,JAK3,IL2RG,PTPN11","DAP12 interactions(R)",0.0297,323,7,0.3653,0.3653,"EREG,HBEGF,TYROBP,CSF2RB,RASGRP4,TREM1,LCP2",1,1,1,0.894337264283318,1,FALSE,FALSE,FALSE,FALSE,FALSE
"294","FGF signaling pathway(P)",0.0085,92,2,0.2482,0.2482,"MAPK3,MAPK14","FGF signaling pathway(P)",0.0085,92,2,0.242,0.2567,"PTPN11,PPP2R2B","FGF signaling pathway(P)",0.0085,92,2,0.4949,0.4949,"PRKCB,RAC2",1,1,1,1,1,FALSE,FALSE,FALSE,FALSE,FALSE
"295","Th1 and Th2 cell differentiation(K)",0.0085,92,2,0.2482,0.2482,"MAPK3,MAPK14","Th1 and Th2 cell differentiation(K)",0.0085,92,3,0.0688,0.2567,"JAK3,IL2RG,IL12RB1","Th1 and Th2 cell differentiation(K)",0.0085,92,1,0.8111,0.8111,"FOS",1,1,1,1,1,FALSE,FALSE,FALSE,FALSE,FALSE
"296","GnRH signaling pathway(K)",0.0085,92,2,0.2482,0.2482,"MAPK3,MAPK14","GnRH signaling pathway(K)",0.0085,92,1,0.6108,0.6108,"ITPR1","GnRH signaling pathway(K)",0.0085,92,2,0.4949,0.4949,"PRKCB,HBEGF",1,1,1,1,1,FALSE,FALSE,FALSE,FALSE,FALSE
"297","role of ß-arrestins in the activation and targeting of map kinases(B)",0.0026,28,1,0.2529,0.2529,"MAPK3","role of ß-arrestins in the activation and targeting of map kinases(B)",0.0026,28,2,0.0337,0.2154,"CCL11,CXCR4","role of ß-arrestins in the activation and targeting of map kinases(B)",0.0026,28,3,0.0146,0.0731,"FPR1,CXCR4,CCL4",1,1,1,0.839601713757625,1,FALSE,FALSE,FALSE,FALSE,FALSE
"309","Progesterone-mediated oocyte maturation(K)",0.009,98,2,0.2713,0.2713,"MAPK3,MAPK14","Progesterone-mediated oocyte maturation(K)",0.009,98,1,0.6342,0.6342,"RPS6KA1","Progesterone-mediated oocyte maturation(K)",0.009,98,1,0.8306,0.8306,"PIK3R5",1,1,1,1,1,FALSE,FALSE,FALSE,FALSE,FALSE
"310","Influenza A(K)",0.0161,175,3,0.2743,0.2743,"SOCS3,MAPK3,MAPK14","Influenza A(K)",0.0161,175,3,0.2656,0.2656,"NLRP3,CIITA,IKBKE","Influenza A(K)",0.0161,175,8,0.0148,0.0742,"PRKCB,PIK3R5,IL1B,TLR4,SOCS3,NLRP3,HSPA6,TNFRSF10C",1,1,1,1,1,FALSE,FALSE,FALSE,FALSE,FALSE
"311","Inflammatory mediator regulation of TRP channels(K)",0.0091,99,2,0.2751,0.2751,"IL1R1,MAPK14","Inflammatory mediator regulation of TRP channels(K)",0.0091,99,2,0.2684,0.2684,"ITPR1,TRPV2","Inflammatory mediator regulation of TRP channels(K)",0.0091,99,3,0.2653,0.2679,"PRKCB,PIK3R5,IL1B",1,1,1,1,1,FALSE,FALSE,FALSE,FALSE,FALSE
"315","amb2 Integrin signaling(N)",0.0029,31,1,0.2759,0.2759,"MMP9","amb2 Integrin signaling(N)",0.0029,31,2,0.0405,0.2378,"ITGB2,MMP9","amb2 Integrin signaling(N)",0.0029,31,7,1.9e-06,7.49e-05,"HCK,SELPLG,PLAT,PLAU,ITGAM,ITGB2,MMP9",0.199331397291506,0.19483657555219,1,0.870161869891399,0.076234853688791,FALSE,FALSE,FALSE,FALSE,TRUE
"321","Axon guidance(K)",0.0163,177,3,0.2799,0.2799,"NTNG2,SSH2,MAPK3","Axon guidance(K)",0.0163,177,2,0.5415,0.5415,"CXCR4,PTPN11","Axon guidance(K)",0.0163,177,5,0.2169,0.2679,"PIK3R5,RAC2,CXCR4,PLXNC1,SSH2",1,1,1,1,1,FALSE,FALSE,FALSE,FALSE,FALSE
"322","HTLV-I infection(K)",0.0237,258,4,0.2813,0.2813,"SPI1,ETS2,IL1R1,IL1R2","HTLV-I infection(K)",0.0237,258,5,0.1252,0.2567,"PTTG1,ITGB2,ITGAL,JAK3,IL2RG","HTLV-I infection(K)",0.0237,258,8,0.0972,0.2226,"SPI1,IL1R2,PIK3R5,EGR1,EGR2,FOS,ZFP36,ITGB2",1,1,1,1,1,FALSE,FALSE,FALSE,FALSE,FALSE
"323","PI3K-Akt signaling pathway(K)",0.0314,341,5,0.2818,0.2818,"COL9A2,FLT1,TLR2,MAPK3,OSM","PI3K-Akt signaling pathway(K)",0.0314,341,8,0.024,0.192,"COMP,FN1,IL7R,JAK3,TLR2,IL2RG,SPP1,PPP2R2B","PI3K-Akt signaling pathway(K)",0.0314,341,9,0.1655,0.2679,"PIK3R5,FN1,TLR4,TLR2,SPP1,OSM,CSF3R,ITGA5,THBS1",1,1,1,0.768098903149302,1,FALSE,FALSE,FALSE,FALSE,FALSE
"324","AGE-RAGE signaling pathway in diabetic complications(K)",0.0093,101,2,0.2828,0.2828,"MAPK3,MAPK14","AGE-RAGE signaling pathway in diabetic complications(K)",0.0093,101,1,0.6453,0.6453,"FN1","AGE-RAGE signaling pathway in diabetic complications(K)",0.0093,101,6,0.0106,0.0633,"PRKCB,PIK3R5,EGR1,FN1,IL1B,THBD",1,1,1,1,1,FALSE,FALSE,FALSE,FALSE,FALSE
"325","Retrograde endocannabinoid signaling(K)",0.0093,101,2,0.2828,0.2828,"MAPK3,MAPK14","Retrograde endocannabinoid signaling(K)",0.0093,101,1,0.6453,0.6453,"ITPR1","Retrograde endocannabinoid signaling(K)",0.0093,101,2,0.5447,0.5447,"PRKCB,PTGS2",1,1,1,1,1,FALSE,FALSE,FALSE,FALSE,FALSE
"328","Syndecan-4-mediated signaling events(N)",0.0029,32,1,0.2834,0.2834,"MMP9","Syndecan-4-mediated signaling events(N)",0.0029,32,3,0.00447,0.0752,"FN1,MMP9,CXCR4","Syndecan-4-mediated signaling events(N)",0.0029,32,5,0.000318,0.00445,"FN1,CXCR4,MMP9,ITGA5,THBS1",0.372657468596418,0.355424341558016,1,0.266823592528842,0.359137853047918,FALSE,FALSE,FALSE,FALSE,FALSE
"329","ROS, RNS production in phagocytes(R)",0.0029,32,1,0.2834,0.2834,"SLC11A1","ROS, RNS production in phagocytes(R)",0.0029,32,2,0.0429,0.2378,"SLC11A1,TCIRG1","ROS, RNS production in phagocytes(R)",0.0029,32,3,0.0207,0.0938,"SLC11A1,NCF2,NCF4",1,1,1,0.87864593462725,1,FALSE,FALSE,FALSE,FALSE,FALSE
"330","roles of ß arrestin dependent recruitment of src kinases in gpcr signaling(B)",0.0029,32,1,0.2834,0.2834,"MAPK3","roles of ß arrestin dependent recruitment of src kinases in gpcr signaling(B)",0.0029,32,2,0.0429,0.2378,"CCL11,CXCR4","roles of ß arrestin dependent recruitment of src kinases in gpcr signaling(B)",0.0029,32,4,0.00286,0.0229,"FPR1,HCK,CXCR4,CCL4",1,1,1,0.878645852852209,0.821890117320986,FALSE,FALSE,FALSE,FALSE,FALSE
"333","Syndecan-2-mediated signaling events(N)",0.0029,32,1,0.2834,0.2834,"MAPK3","Syndecan-2-mediated signaling events(N)",0.0029,32,1,0.2792,0.2792,"FN1","Syndecan-2-mediated signaling events(N)",0.0029,32,1,0.439,0.439,"FN1",1,1,1,1,1,FALSE,FALSE,FALSE,FALSE,FALSE
"334","Endocytosis(K)",0.0239,260,4,0.2859,0.2859,"SH3GLB1,RAB5C,FLT1,WAS","Endocytosis(K)",0.0239,260,6,0.0511,0.2378,"ACAP1,GRK6,ARF1,PSD4,CXCR4,IL2RG","Endocytosis(K)",0.0239,260,6,0.3291,0.3291,"WIPF1,CXCR4,CXCR1,CXCR2,HSPA6,CYTH4",1,1,1,0.901503558234873,1,FALSE,FALSE,FALSE,FALSE,FALSE
"343","Chemokine signaling pathway(K)",0.0172,187,3,0.3082,0.3082,"CXCL16,WAS,MAPK3","Chemokine signaling pathway(K)",0.0172,187,6,0.0127,0.127,"GRK6,JAK3,CCR2,CCL11,CXCR4,CCL19","Chemokine signaling pathway(K)",0.0172,187,15,1.97e-06,7.49e-05,"PREX1,PRKCB,PIK3R5,RAC2,HCK,CXCR4,CXCR1,CXCR2,CCL18,CCL24,CXCL13,FGR,DOCK2,CCL4,CCL3",0.115031261527863,0.112485839237809,1,0.583335974136742,0.0771969286995636,FALSE,FALSE,FALSE,FALSE,TRUE
"345","Class I MHC mediated antigen processing & presentation(R)",0.0174,189,3,0.3138,0.3138,"LY96,FBXL5,TLR2","Class I MHC mediated antigen processing & presentation(R)",0.0174,189,1,0.8574,0.8574,"TLR2","Class I MHC mediated antigen processing & presentation(R)",0.0174,189,5,0.2565,0.2679,"CD14,TLR4,TLR2,NCF2,NCF4",1,1,1,1,1,FALSE,FALSE,FALSE,FALSE,FALSE
"346","Validated transcriptional targets of AP1 family members Fra1 and Fra2(N)",0.0034,37,1,0.3198,0.3198,"MMP9","Validated transcriptional targets of AP1 family members Fra1 and Fra2(N)",0.0034,37,1,0.3152,0.3152,"MMP9","Validated transcriptional targets of AP1 family members Fra1 and Fra2(N)",0.0034,37,5,0.000612,0.00793,"JUNB,PLAU,THBD,PLAUR,MMP9",1,1,1,1,0.506466278986703,FALSE,FALSE,FALSE,FALSE,FALSE
"348","ErbB2/ErbB3 signaling events(N)",0.0034,37,1,0.3198,0.3198,"MAPK3","ErbB2/ErbB3 signaling events(N)",0.0034,37,1,0.3152,0.3152,"PTPN11","ErbB2/ErbB3 signaling events(N)",0.0034,37,1,0.4875,0.4875,"FOS",1,1,1,1,1,FALSE,FALSE,FALSE,FALSE,FALSE
"349","nfat and hypertrophy of the heart (B)",0.0034,37,1,0.3198,0.3198,"MAPK3","nfat and hypertrophy of the heart (B)",0.0034,37,1,0.3152,0.3152,"ATP2A3","nfat and hypertrophy of the heart (B)",0.0034,37,1,0.4875,0.4875,"HBEGF",1,1,1,1,1,FALSE,FALSE,FALSE,FALSE,FALSE
"350","PIP3 activates AKT signaling(R)",0.0102,111,2,0.3211,0.3211,"IRS2,MAPK3","PIP3 activates AKT signaling(R)",0.0102,111,2,0.3136,0.3136,"IER3,PTPN11","PIP3 activates AKT signaling(R)",0.0102,111,2,0.5959,0.5959,"EREG,HBEGF",1,1,1,1,1,FALSE,FALSE,FALSE,FALSE,FALSE
"352","Serotonergic synapse(K)",0.0104,113,2,0.3287,0.3287,"SLC18A2,MAPK3","Serotonergic synapse(K)",0.0104,113,2,0.3211,0.3211,"ITPR1,ALOX5","Serotonergic synapse(K)",0.0104,113,4,0.1489,0.2679,"PRKCB,DUSP1,PTGS2,ALOX5",1,1,1,1,1,FALSE,FALSE,FALSE,FALSE,FALSE
"354","Formation of Fibrin Clot (Clotting Cascade)(R)",0.0036,39,1,0.3339,0.3339,"F5","Formation of Fibrin Clot (Clotting Cascade)(R)",0.0036,39,1,0.3291,0.3291,"SERPINE2","Formation of Fibrin Clot (Clotting Cascade)(R)",0.0036,39,1,0.5057,0.5057,"THBD",1,1,1,1,1,FALSE,FALSE,FALSE,FALSE,FALSE
"355","Leukocyte transendothelial migration(K)",0.0107,116,2,0.34,0.34,"MMP9,MAPK14","Leukocyte transendothelial migration(K)",0.0107,116,5,0.00698,0.0908,"ITGB2,ITGAL,MMP9,CXCR4,PTPN11","Leukocyte transendothelial migration(K)",0.0107,116,9,0.000294,0.00441,"PRKCB,PIK3R5,RAC2,CXCR4,NCF2,NCF4,ITGAM,ITGB2,MMP9",0.423716208326154,0.396968871778266,1,0.383340579375446,0.352209559334726,FALSE,FALSE,FALSE,FALSE,FALSE
"356","IFN-gamma pathway(N)",0.0037,40,1,0.3408,0.3408,"MAPK3","IFN-gamma pathway(N)",0.0037,40,1,0.3359,0.3359,"PTPN11","IFN-gamma pathway(N)",0.0037,40,1,0.5146,0.5146,"IL1B",1,1,1,1,1,FALSE,FALSE,FALSE,FALSE,FALSE
"358","FOXM1 transcription factor network(N)",0.0037,40,1,0.3408,0.3408,"TGFA","FOXM1 transcription factor network(N)",0.0037,40,1,0.3359,0.3359,"FOXM1","FOXM1 transcription factor network(N)",0.0037,40,1,0.5146,0.5146,"FOS",1,1,1,1,1,FALSE,FALSE,FALSE,FALSE,FALSE
"364","Plasma membrane estrogen receptor signaling(N)",0.0039,42,1,0.3544,0.3544,"MMP9","Plasma membrane estrogen receptor signaling(N)",0.0039,42,1,0.3494,0.3494,"MMP9","Plasma membrane estrogen receptor signaling(N)",0.0039,42,2,0.1759,0.2679,"HBEGF,MMP9",1,1,1,1,1,FALSE,FALSE,FALSE,FALSE,FALSE
"365","Urokinase-type plasminogen activator (uPA) and uPAR-mediated signaling(N)",0.0039,42,1,0.3544,0.3544,"MMP9","Urokinase-type plasminogen activator (uPA) and uPAR-mediated signaling(N)",0.0039,42,3,0.00939,0.1037,"FN1,ITGB2,MMP9","Urokinase-type plasminogen activator (uPA) and uPAR-mediated signaling(N)",0.0039,42,9,9.81e-08,4.91e-06,"FPR1,FPR2,FN1,PLAU,ITGAM,ITGB2,PLAUR,MMP9,ITGA5",0.0552992879045789,0.0252769636179736,1,0.481776487642522,0.0253765431659346,TRUE,TRUE,FALSE,FALSE,TRUE
"366","PDGFR-beta signaling pathway(N)",0.011,120,2,0.3551,0.3551,"GRB10,MAPK3","PDGFR-beta signaling pathway(N)",0.011,120,3,0.1252,0.2567,"PTPN1,PTPN11,PPP2R2B","PDGFR-beta signaling pathway(N)",0.011,120,4,0.1728,0.2679,"FOS,HCK,SLA,FGR",1,1,1,1,1,FALSE,FALSE,FALSE,FALSE,FALSE
"367","Sphingolipid signaling pathway(K)",0.011,120,2,0.3551,0.3551,"MAPK3,MAPK14","Sphingolipid signaling pathway(K)",0.011,120,1,0.7085,0.7085,"PPP2R2B","Sphingolipid signaling pathway(K)",0.011,120,4,0.1728,0.2679,"PRKCB,PIK3R5,RAC2,FCER1G",1,1,1,1,1,FALSE,FALSE,FALSE,FALSE,FALSE
"368","Vascular smooth muscle contraction(K)",0.0111,121,2,0.3588,0.3588,"MRVI1,MAPK3","Vascular smooth muscle contraction(K)",0.0111,121,1,0.7114,0.7114,"ITPR1","Vascular smooth muscle contraction(K)",0.0111,121,1,0.8886,0.8886,"PRKCB",1,1,1,1,1,FALSE,FALSE,FALSE,FALSE,FALSE
"369","ion channels and their functional role in vascular endothelium(B)",0.004,43,1,0.3611,0.3611,"MAPK3","ion channels and their functional role in vascular endothelium(B)",0.004,43,2,0.0721,0.2567,"CCL11,CXCR4","ion channels and their functional role in vascular endothelium(B)",0.004,43,3,0.0436,0.158,"FPR1,CXCR4,CCL4",1,1,1,1,1,FALSE,FALSE,FALSE,FALSE,FALSE
"371","Platelet activation(K)",0.0112,122,2,0.3626,0.3626,"MAPK3,MAPK14","Platelet activation(K)",0.0112,122,1,0.7144,0.7144,"ITPR1","Platelet activation(K)",0.0112,122,7,0.0071,0.0497,"PIK3R5,FERMT3,FCER1G,APBB1IP,TBXAS1,LCP2,FCGR2A",1,1,1,1,0.925951055834057,FALSE,FALSE,FALSE,FALSE,FALSE
"372","Lysosome(K)",0.0113,123,2,0.3663,0.3663,"SLC11A1,SORT1","Lysosome(K)",0.0113,123,2,0.3582,0.3582,"SLC11A1,TCIRG1","Lysosome(K)",0.0113,123,2,0.6516,0.6516,"SLC11A1,LAPTM5",1,1,1,1,1,FALSE,FALSE,FALSE,FALSE,FALSE
"377","ABC transporters(K)",0.0041,45,1,0.3743,0.3743,"ABCA1","ABC transporters(K)",0.0041,45,2,0.0779,0.2567,"ABCD3,ABCC3","ABC transporters(K)",0.0041,45,1,0.5566,0.5566,"ABCA1",1,1,1,1,1,FALSE,FALSE,FALSE,FALSE,FALSE
"382","Carbohydrate digestion and absorption(K)",0.0042,46,1,0.3808,0.3808,"HK3","Carbohydrate digestion and absorption(K)",0.0042,46,1,0.3755,0.3755,"SLC2A5","Carbohydrate digestion and absorption(K)",0.0042,46,2,0.2018,0.2679,"PRKCB,PIK3R5",1,1,1,1,1,FALSE,FALSE,FALSE,FALSE,FALSE
"384","Regulation of actin cytoskeleton(K)",0.0197,214,3,0.3846,0.3846,"SSH2,WAS,MAPK3","Regulation of actin cytoskeleton(K)",0.0197,214,4,0.1763,0.2567,"FN1,ITGB2,ITGAL,ITGAX","Regulation of actin cytoskeleton(K)",0.0197,214,9,0.0164,0.0821,"PIK3R5,CD14,FN1,RAC2,SSH2,ITGAM,ITGB2,ITGAX,ITGA5",1,1,1,1,1,FALSE,FALSE,FALSE,FALSE,FALSE
"385","Integrins in angiogenesis(N)",0.0043,47,1,0.3872,0.3872,"MAPK3","Integrins in angiogenesis(N)",0.0043,47,3,0.0127,0.127,"FN1,SPP1,PTPN11","Integrins in angiogenesis(N)",0.0043,47,2,0.2083,0.2679,"FN1,SPP1",1,1,1,0.583336044023858,1,FALSE,FALSE,FALSE,FALSE,FALSE
"386","Endocrine and other factor-regulated calcium reabsorption(K)",0.0043,47,1,0.3872,0.3872,"SLC8A1","Endocrine and other factor-regulated calcium reabsorption(K)",0.0043,47,2,0.0839,0.2567,"SLC8A1,VDR","Endocrine and other factor-regulated calcium reabsorption(K)",0.0043,47,1,0.5724,0.5724,"PRKCB",1,1,1,1,1,FALSE,FALSE,FALSE,FALSE,FALSE
"387","Amyloid fiber formation(R)",0.0043,47,1,0.3872,0.3872,"LTF","Amyloid fiber formation(R)",0.0043,47,1,0.3819,0.3819,"LYZ","Amyloid fiber formation(R)",0.0043,47,1,0.5724,0.5724,"TGFBI",1,1,1,1,1,FALSE,FALSE,FALSE,FALSE,FALSE
"389","Dopaminergic synapse(K)",0.012,130,2,0.3922,0.3922,"SLC18A2,MAPK14","Dopaminergic synapse(K)",0.012,130,2,0.3837,0.3837,"ITPR1,PPP2R2B","Dopaminergic synapse(K)",0.012,130,2,0.6811,0.6811,"PRKCB,FOS",1,1,1,1,1,FALSE,FALSE,FALSE,FALSE,FALSE
"395","t cell receptor signaling pathway(B)",0.0044,48,1,0.3936,0.3936,"MAPK3","t cell receptor signaling pathway(B)",0.0044,48,1,0.3882,0.3882,"PTPN11","t cell receptor signaling pathway(B)",0.0044,48,3,0.0569,0.1708,"PRKCB,FOS,NCF2",1,1,1,1,1,FALSE,FALSE,FALSE,FALSE,FALSE
"397","GPVI-mediated activation cascade(R)",0.0045,49,1,0.3999,0.3999,"CSF2RA","GPVI-mediated activation cascade(R)",0.0045,49,4,0.00169,0.0456,"JAK3,IL2RG,PDPN,PTPN11","GPVI-mediated activation cascade(R)",0.0045,49,5,0.0021,0.0189,"PIK3R5,RAC2,FCER1G,CSF2RB,LCP2",0.399155094724448,0.223264120648796,1,0.132371710514327,0.768315475384779,FALSE,FALSE,FALSE,FALSE,FALSE
"402","Validated transcriptional targets of TAp63 isoforms(N)",0.0045,49,1,0.3999,0.3999,"GADD45A","Validated transcriptional targets of TAp63 isoforms(N)",0.0045,49,1,0.3945,0.3945,"VDR","Validated transcriptional targets of TAp63 isoforms(N)",0.0045,49,1,0.5876,0.5876,"EGR2",1,1,1,1,1,FALSE,FALSE,FALSE,FALSE,FALSE
"403","Malaria(K)",0.0045,49,1,0.3999,0.3999,"TLR2","Malaria(K)",0.0045,49,4,0.00169,0.0456,"COMP,ITGB2,ITGAL,TLR2","Malaria(K)",0.0045,49,8,3.77e-06,0.000132,"HBB,HBA1,IL1B,TLR4,TLR2,ITGB2,CR1,THBS1",0.0479075612087288,0.0410951820785758,1,0.132371726716878,0.0962370053501784,TRUE,TRUE,FALSE,FALSE,TRUE
"407","Fc epsilon receptor (FCERI) signaling(R)",0.0373,405,5,0.4131,0.4131,"IRS2,CSF2RA,RASGRP4,RASGEF1A,MAPK3","Fc epsilon receptor (FCERI) signaling(R)",0.0373,405,8,0.0561,0.2378,"IER3,ITPR1,IGLC1,JAK3,LAT2,IL2RG,IGKC,PTPN11","Fc epsilon receptor (FCERI) signaling(R)",0.0373,405,7,0.5982,0.5982,"EREG,FCER1G,FOS,HBEGF,CSF2RB,RASGRP4,LCP2",1,1,1,1,1,FALSE,FALSE,FALSE,FALSE,FALSE
"408","Senescence-Associated Secretory Phenotype (SASP)(R)",0.0048,52,1,0.4184,0.4184,"MAPK3","Senescence-Associated Secretory Phenotype (SASP)(R)",0.0048,52,2,0.0994,0.2567,"RPS6KA1,UBE2C","Senescence-Associated Secretory Phenotype (SASP)(R)",0.0048,52,1,0.6094,0.6094,"FOS",1,1,1,1,1,FALSE,FALSE,FALSE,FALSE,FALSE
"410","Signaling events mediated by PTP1B(N)",0.0048,52,1,0.4184,0.4184,"SOCS3","Signaling events mediated by PTP1B(N)",0.0048,52,1,0.4128,0.4128,"PTPN1","Signaling events mediated by PTP1B(N)",0.0048,52,4,0.0151,0.0757,"HCK,SOCS3,FGR,FCGR2A",1,1,1,1,1,FALSE,FALSE,FALSE,FALSE,FALSE
"412","Thromboxane A2 receptor signaling(N)",0.005,54,1,0.4305,0.4305,"MAPK14","Thromboxane A2 receptor signaling(N)",0.005,54,1,0.4248,0.4248,"PTGDR","Thromboxane A2 receptor signaling(N)",0.005,54,3,0.0751,0.2226,"PRKCB,HCK,FGR",1,1,1,1,1,FALSE,FALSE,FALSE,FALSE,FALSE
"415","Signaling pathways regulating pluripotency of stem cells(K)",0.0131,142,2,0.4354,0.4354,"MAPK3,MAPK14","Signaling pathways regulating pluripotency of stem cells(K)",0.0131,142,1,0.7678,0.7678,"JAK3","Signaling pathways regulating pluripotency of stem cells(K)",0.0131,142,1,0.9241,0.9241,"PIK3R5",1,1,1,1,1,FALSE,FALSE,FALSE,FALSE,FALSE
"416","Interleukin signaling pathway(P)",0.0051,55,1,0.4364,0.4364,"SPI1","Interleukin signaling pathway(P)",0.0051,55,3,0.0192,0.1726,"RPS6KA1,JAK3,IL12RB1","Interleukin signaling pathway(P)",0.0051,55,4,0.0182,0.091,"SPI1,FOS,CXCR1,IL10RA",1,1,1,0.710137773648673,1,FALSE,FALSE,FALSE,FALSE,FALSE
"417","Transport of inorganic cations/anions and amino acids/oligopeptides(R)",0.0051,55,1,0.4364,0.4364,"SLC8A1","Transport of inorganic cations/anions and amino acids/oligopeptides(R)",0.0051,55,1,0.4306,0.4306,"SLC8A1","Transport of inorganic cations/anions and amino acids/oligopeptides(R)",0.0051,55,2,0.2613,0.2679,"SLC34A2,SLC7A5",1,1,1,1,1,FALSE,FALSE,FALSE,FALSE,FALSE
"418","Endothelin signaling pathway(P)",0.0051,55,1,0.4364,0.4364,"MAPK3","Endothelin signaling pathway(P)",0.0051,55,1,0.4306,0.4306,"ITPR1","Endothelin signaling pathway(P)",0.0051,55,2,0.2613,0.2679,"PRKCB,PTGS2",1,1,1,1,1,FALSE,FALSE,FALSE,FALSE,FALSE
"423","PI Metabolism(R)",0.0054,59,1,0.4595,0.4595,"BMX","PI Metabolism(R)",0.0054,59,2,0.1224,0.2567,"INPP4A,ARF1","PI Metabolism(R)",0.0054,59,1,0.656,0.656,"PIK3R5",1,1,1,1,1,FALSE,FALSE,FALSE,FALSE,FALSE
"425","Long-term depression(K)",0.0055,60,1,0.4651,0.4651,"MAPK3","Long-term depression(K)",0.0055,60,1,0.4591,0.4591,"ITPR1","Long-term depression(K)",0.0055,60,1,0.6622,0.6622,"PRKCB",1,1,1,1,1,FALSE,FALSE,FALSE,FALSE,FALSE
"429","Signaling by PTK6(R)",0.0056,61,1,0.4706,0.4706,"SOCS3","Signaling by PTK6(R)",0.0056,61,1,0.4646,0.4646,"PTPN1","Signaling by PTK6(R)",0.0056,61,3,0.0991,0.2226,"EREG,HBEGF,SOCS3",1,1,1,1,1,FALSE,FALSE,FALSE,FALSE,FALSE
"431","Fc-epsilon receptor I signaling in mast cells(N)",0.0057,62,1,0.4762,0.4762,"MAPK3","Fc-epsilon receptor I signaling in mast cells(N)",0.0057,62,2,0.1326,0.2567,"LAT2,PTPN11","Fc-epsilon receptor I signaling in mast cells(N)",0.0057,62,7,0.000152,0.00259,"WIPF1,PRKCB,FCER1G,DUSP1,FOS,LCP2,FCGR2B",1,0.71727589332861,1,1,0.302035888105489,FALSE,FALSE,FALSE,FALSE,FALSE
"433","Phagosome(K)",0.0142,154,2,0.4769,0.4769,"RAB5C,TLR2","Phagosome(K)",0.0142,154,5,0.0213,0.1918,"COMP,CLEC7A,ITGB2,TCIRG1,TLR2","Phagosome(K)",0.0142,154,16,2.88e-08,2.05e-06,"CD14,OLR1,TLR4,TLR2,NCF2,NCF4,CORO1A,CLEC7A,ITGAM,ITGB2,FCAR,FCGR3A,ITGA5,THBS1,FCGR2A,FCGR2B",0.0109449291019671,0.010011593947545,1,0.738151177246312,0.016105604824138,TRUE,TRUE,FALSE,FALSE,TRUE
"434","mTOR signaling pathway(K)",0.0142,154,2,0.4769,0.4769,"GRB10,MAPK3","mTOR signaling pathway(K)",0.0142,154,1,0.7949,0.7949,"RPS6KA1","mTOR signaling pathway(K)",0.0142,154,3,0.5265,0.5265,"PRKCB,PIK3R5,SLC7A5",1,1,1,1,1,FALSE,FALSE,FALSE,FALSE,FALSE
"435","LPA receptor mediated events(N)",0.0058,63,1,0.4816,0.4816,"MMP9","LPA receptor mediated events(N)",0.0058,63,1,0.4755,0.4755,"MMP9","LPA receptor mediated events(N)",0.0058,63,3,0.1065,0.2226,"FOS,HBEGF,MMP9",1,1,1,1,1,FALSE,FALSE,FALSE,FALSE,FALSE
"437","Downstream signaling in nave CD8+ T cells(N)",0.0059,64,1,0.487,0.487,"MAPK3","Downstream signaling in nave CD8+ T cells(N)",0.0059,64,2,0.1395,0.2567,"IL2RG,PTPN7","Downstream signaling in nave CD8+ T cells(N)",0.0059,64,4,0.0295,0.118,"JUNB,PRKCB,EGR1,FOS",1,1,1,1,1,FALSE,FALSE,FALSE,FALSE,FALSE
"440","Integrin signalling pathway(P)",0.0145,158,2,0.4903,0.4903,"COL9A2,MAPK3","Integrin signalling pathway(P)",0.0145,158,5,0.0235,0.192,"FN1,ARF1,ITGB2,ITGAL,ITGAX","Integrin signalling pathway(P)",0.0145,158,7,0.0255,0.102,"FN1,RAC2,FLNA,ITGAM,ITGB2,ITGAX,ITGA5",1,1,1,0.762996224900681,1,FALSE,FALSE,FALSE,FALSE,FALSE
"441","Fcgamma receptor (FCGR) dependent phagocytosis(R)",0.0146,159,2,0.4937,0.4937,"WAS,MAPK3","Fcgamma receptor (FCGR) dependent phagocytosis(R)",0.0146,159,4,0.0807,0.2567,"IGHG1,ITPR1,IGLC1,IGKC","Fcgamma receptor (FCGR) dependent phagocytosis(R)",0.0146,159,5,0.1617,0.2679,"WIPF1,HCK,FCGR3A,FGR,FCGR2A",1,1,1,1,1,FALSE,FALSE,FALSE,FALSE,FALSE
"442","Extracellular matrix organization(R)",0.0235,255,3,0.4964,0.4964,"COL9A2,MMP9,CEACAM8","Extracellular matrix organization(R)",0.0235,255,9,0.00127,0.0432,"DMP1,COMP,ADAM8,FN1,ITGB2,ITGAL,ITGAX,MMP9,SPP1","Extracellular matrix organization(R)",0.0235,255,14,0.000251,0.00401,"SPARC,ICAM3,KLK7,FN1,TIMP2,SPP1,ADAM8,ITGAM,ITGB2,ITGAX,MMP9,ITGA5,THBS1,LUM",0.101420307150214,0.0840462022476688,1,0.117593225878552,0.340002399384541,FALSE,TRUE,FALSE,FALSE,FALSE
"444","Long-term potentiation(K)",0.0062,67,1,0.5028,0.5028,"MAPK3","Long-term potentiation(K)",0.0062,67,2,0.15,0.2567,"RPS6KA1,ITPR1","Long-term potentiation(K)",0.0062,67,1,0.7024,0.7024,"PRKCB",1,1,1,1,1,FALSE,FALSE,FALSE,FALSE,FALSE
"445","TCR signaling in nave CD4+ T cells(N)",0.0062,67,1,0.5028,0.5028,"WAS","TCR signaling in nave CD4+ T cells(N)",0.0062,67,2,0.15,0.2567,"FYB,PTPN11","TCR signaling in nave CD4+ T cells(N)",0.0062,67,5,0.00774,0.0542,"PRKCB,FLNA,PTPRC,LCP2,FYB",1,1,1,1,0.932317635478452,FALSE,FALSE,FALSE,FALSE,FALSE
"449","Interferon alpha/beta signaling(R)",0.0063,68,1,0.508,0.508,"SOCS3","Interferon alpha/beta signaling(R)",0.0063,68,3,0.033,0.2154,"IRF8,PTPN1,PTPN11","Interferon alpha/beta signaling(R)",0.0063,68,3,0.1258,0.2515,"IFITM2,EGR1,SOCS3",1,1,1,0.835759972021206,1,FALSE,FALSE,FALSE,FALSE,FALSE
"450","Epithelial cell signaling in Helicobacter pylori infection(K)",0.0063,68,1,0.508,0.508,"MAPK14","Epithelial cell signaling in Helicobacter pylori infection(K)",0.0063,68,2,0.1536,0.2567,"TCIRG1,PTPN11","Epithelial cell signaling in Helicobacter pylori infection(K)",0.0063,68,3,0.1258,0.2515,"HBEGF,CXCR1,CXCR2",1,1,1,1,1,FALSE,FALSE,FALSE,FALSE,FALSE
"455","Protein processing in endoplasmic reticulum(K)",0.0152,165,2,0.5133,0.5133,"UBE2J1,CKAP4","Protein processing in endoplasmic reticulum(K)",0.0152,165,1,0.817,0.817,"DERL3","Protein processing in endoplasmic reticulum(K)",0.0152,165,1,0.9502,0.9502,"HSPA6",1,1,1,1,1,FALSE,FALSE,FALSE,FALSE,FALSE
"456","AP-1 transcription factor network(N)",0.0064,70,1,0.5182,0.5182,"MMP9","AP-1 transcription factor network(N)",0.0064,70,3,0.0355,0.2154,"DMP1,MMP9,AGT","AP-1 transcription factor network(N)",0.0064,70,7,0.000316,0.00445,"JUNB,EGR1,DUSP1,FOS,FOSB,PLAU,MMP9",0.719772027858885,0.565733761141977,1,0.848808412624628,0.357807039914718,FALSE,FALSE,FALSE,FALSE,FALSE
"461","Inflammation mediated by chemokine and cytokine signaling pathway(P)",0.0065,71,1,0.5232,0.5232,"SOCS3","Inflammation mediated by chemokine and cytokine signaling pathway(P)",0.0065,71,2,0.1643,0.2567,"GRK6,ITGAL","Inflammation mediated by chemokine and cytokine signaling pathway(P)",0.0065,71,5,0.00977,0.0586,"PREX1,PRKCB,RAC2,SOCS3,ALOX5AP",1,1,1,1,1,FALSE,FALSE,FALSE,FALSE,FALSE
"463","Arrhythmogenic right ventricular cardiomyopathy (ARVC)(K)",0.0066,72,1,0.5282,0.5282,"SLC8A1","Arrhythmogenic right ventricular cardiomyopathy (ARVC)(K)",0.0066,72,1,0.5219,0.5219,"SLC8A1","Arrhythmogenic right ventricular cardiomyopathy (ARVC)(K)",0.0066,72,2,0.373,0.373,"DSC2,ITGA5",1,1,1,1,1,FALSE,FALSE,FALSE,FALSE,FALSE
"464","B cell receptor signaling pathway(K)",0.0067,73,1,0.5331,0.5331,"MAPK3","B cell receptor signaling pathway(K)",0.0067,73,1,0.5268,0.5268,"DAPP1","B cell receptor signaling pathway(K)",0.0067,73,6,0.00227,0.0204,"PRKCB,PIK3R5,RAC2,FOS,LILRB3,FCGR2B",1,1,1,1,0.78274376165962,FALSE,FALSE,FALSE,FALSE,FALSE
"465","Interferon gamma signaling(R)",0.0067,73,1,0.5331,0.5331,"SOCS3","Interferon gamma signaling(R)",0.0067,73,4,0.0069,0.0897,"CIITA,IRF8,PTPN1,PTPN11","Interferon gamma signaling(R)",0.0067,73,1,0.7332,0.7332,"SOCS3",1,0.311680391915571,1,0.379648606588114,1,FALSE,FALSE,FALSE,FALSE,FALSE
"466","Chronic myeloid leukemia(K)",0.0067,73,1,0.5331,0.5331,"MAPK3","Chronic myeloid leukemia(K)",0.0067,73,1,0.5268,0.5268,"PTPN11","Chronic myeloid leukemia(K)",0.0067,73,1,0.7332,0.7332,"PIK3R5",1,1,1,1,1,FALSE,FALSE,FALSE,FALSE,FALSE
"467","Platinum drug resistance(K)",0.0069,75,1,0.5428,0.5428,"MAPK3","Platinum drug resistance(K)",0.0069,75,1,0.5364,0.5364,"TOP2A","Platinum drug resistance(K)",0.0069,75,1,0.7427,0.7427,"PIK3R5",1,1,1,1,1,FALSE,FALSE,FALSE,FALSE,FALSE
"468","Validated targets of C-MYC transcriptional activation(N)",0.0069,75,1,0.5428,0.5428,"MMP9","Validated targets of C-MYC transcriptional activation(N)",0.0069,75,2,0.1788,0.2567,"HMGA1,MMP9","Validated targets of C-MYC transcriptional activation(N)",0.0069,75,1,0.7427,0.7427,"MMP9",1,1,1,1,1,FALSE,FALSE,FALSE,FALSE,FALSE
"470","p73 transcription factor network(N)",0.0069,75,1,0.5428,0.5428,"MAPK14","p73 transcription factor network(N)",0.0069,75,1,0.5364,0.5364,"SERPINA1","p73 transcription factor network(N)",0.0069,75,2,0.3922,0.3922,"PLK3,SERPINA1",1,1,1,1,1,FALSE,FALSE,FALSE,FALSE,FALSE
"471","Regulation of nuclear SMAD2/3 signaling(N)",0.0071,77,1,0.5523,0.5523,"SAP30","Regulation of nuclear SMAD2/3 signaling(N)",0.0071,77,1,0.5458,0.5458,"VDR","Regulation of nuclear SMAD2/3 signaling(N)",0.0071,77,1,0.7519,0.7519,"FOS",1,1,1,1,1,FALSE,FALSE,FALSE,FALSE,FALSE
"472","RIG-I/MDA5 mediated induction of IFN-alpha/beta pathways(R)",0.0071,77,1,0.5523,0.5523,"S100A12","RIG-I/MDA5 mediated induction of IFN-alpha/beta pathways(R)",0.0071,77,1,0.5458,0.5458,"IKBKE","RIG-I/MDA5 mediated induction of IFN-alpha/beta pathways(R)",0.0071,77,1,0.7519,0.7519,"S100A12",1,1,1,1,1,FALSE,FALSE,FALSE,FALSE,FALSE
"475","Bacterial invasion of epithelial cells(K)",0.0072,78,1,0.5569,0.5569,"WAS","Bacterial invasion of epithelial cells(K)",0.0072,78,1,0.5505,0.5505,"FN1","Bacterial invasion of epithelial cells(K)",0.0072,78,3,0.1676,0.2679,"PIK3R5,FN1,ITGA5",1,1,1,1,1,FALSE,FALSE,FALSE,FALSE,FALSE
"477","Regulation of nuclear beta catenin signaling and target gene transcription(N)",0.0074,80,1,0.5661,0.5661,"MMP9","Regulation of nuclear beta catenin signaling and target gene transcription(N)",0.0074,80,1,0.5596,0.5596,"MMP9","Regulation of nuclear beta catenin signaling and target gene transcription(N)",0.0074,80,1,0.765,0.765,"MMP9",1,1,1,1,1,FALSE,FALSE,FALSE,FALSE,FALSE
"478","CXCR4-mediated signaling events(N)",0.0074,80,1,0.5661,0.5661,"MMP9","CXCR4-mediated signaling events(N)",0.0074,80,4,0.00943,0.1037,"GRK6,MMP9,CXCR4,PTPN11","CXCR4-mediated signaling events(N)",0.0074,80,5,0.0156,0.0781,"HCK,CXCR4,PTPRC,MMP9,FGR",1,1,1,0.483216086832199,1,FALSE,FALSE,FALSE,FALSE,FALSE
"479","Signaling events mediated by Hepatocyte Growth Factor Receptor (c-Met)(N)",0.0074,80,1,0.5661,0.5661,"MAPK3","Signaling events mediated by Hepatocyte Growth Factor Receptor (c-Met)(N)",0.0074,80,2,0.1971,0.2567,"PTPN1,PTPN11","Signaling events mediated by Hepatocyte Growth Factor Receptor (c-Met)(N)",0.0074,80,1,0.765,0.765,"EGR1",1,1,1,1,1,FALSE,FALSE,FALSE,FALSE,FALSE
"480","ECM-receptor interaction(K)",0.0075,82,1,0.5751,0.5751,"COL9A2","ECM-receptor interaction(K)",0.0075,82,3,0.0523,0.2378,"COMP,FN1,SPP1","ECM-receptor interaction(K)",0.0075,82,4,0.0623,0.187,"FN1,SPP1,ITGA5,THBS1",1,1,1,0.904226462801832,1,FALSE,FALSE,FALSE,FALSE,FALSE
"481","Peroxisome(K)",0.0076,83,1,0.5795,0.5795,"ACSL1","Peroxisome(K)",0.0076,83,1,0.573,0.573,"ABCD3","Peroxisome(K)",0.0076,83,2,0.4418,0.4418,"ACSL1,SOD2",1,1,1,1,1,FALSE,FALSE,FALSE,FALSE,FALSE
"482","Hypertrophic cardiomyopathy (HCM)(K)",0.0076,83,1,0.5795,0.5795,"SLC8A1","Hypertrophic cardiomyopathy (HCM)(K)",0.0076,83,1,0.573,0.573,"SLC8A1","Hypertrophic cardiomyopathy (HCM)(K)",0.0076,83,1,0.7775,0.7775,"ITGA5",1,1,1,1,1,FALSE,FALSE,FALSE,FALSE,FALSE
"484","Generic Transcription Pathway(R)",0.0455,494,5,0.5877,0.5877,"G6PD,TGFA,NRBF2,GADD45A,MAPK14","Generic Transcription Pathway(R)",0.0455,494,3,0.8849,0.8849,"FANCD2,VDR,TPX2","Generic Transcription Pathway(R)",0.0455,494,6,0.8844,0.8844,"JUNB,PLK3,BTG2,FOS,TNFRSF10C,NR4A3",1,1,1,1,1,FALSE,FALSE,FALSE,FALSE,FALSE
"485","GPCR ligand binding(R)",0.0363,395,4,0.5911,0.5911,"CXCL16,PROK2,ADM,LTB4R","GPCR ligand binding(R)",0.0363,395,5,0.378,0.378,"PTGDR,CCR2,CXCR4,CCL19,AGT","GPCR ligand binding(R)",0.0363,395,14,0.013,0.0708,"C3AR1,PROK2,FPR1,FPR2,ADM,CXCR4,CXCR1,CXCR2,GPR65,CXCL13,C5AR1,HCAR2,HCAR3,HRH2",1,1,1,1,1,FALSE,FALSE,FALSE,FALSE,FALSE
"486","Gap junction(K)",0.0081,88,1,0.601,0.601,"MAPK3","Gap junction(K)",0.0081,88,1,0.5945,0.5945,"ITPR1","Gap junction(K)",0.0081,88,1,0.7968,0.7968,"PRKCB",1,1,1,1,1,FALSE,FALSE,FALSE,FALSE,FALSE
"488","Fatty acid, triacylglycerol, and ketone body metabolism(R)",0.0179,195,2,0.6039,0.6039,"ACSL1,ABCA1","Fatty acid, triacylglycerol, and ketone body metabolism(R)",0.0179,195,2,0.5942,0.5942,"PPARGC1B,AGT","Fatty acid, triacylglycerol, and ketone body metabolism(R)",0.0179,195,3,0.6848,0.6848,"ACSL1,ABCA1,DGAT2",1,1,1,1,1,FALSE,FALSE,FALSE,FALSE,FALSE
"489","MicroRNAs in cancer(K)",0.0275,299,3,0.6042,0.6042,"IRS2,MMP9,MARCKS","MicroRNAs in cancer(K)",0.0275,299,1,0.9548,0.9548,"MMP9","MicroRNAs in cancer(K)",0.0275,299,7,0.2959,0.2959,"PRKCB,ZEB2,PTGS2,PLAU,MMP9,ITGA5,THBS1",1,1,1,1,1,FALSE,FALSE,FALSE,FALSE,FALSE
"490","EPH-Ephrin signaling(R)",0.0082,89,1,0.6052,0.6052,"MMP9","EPH-Ephrin signaling(R)",0.0082,89,1,0.5986,0.5986,"MMP9","EPH-Ephrin signaling(R)",0.0082,89,1,0.8005,0.8005,"MMP9",1,1,1,1,1,FALSE,FALSE,FALSE,FALSE,FALSE
"492","Dilated cardiomyopathy(K)",0.0083,90,1,0.6093,0.6093,"SLC8A1","Dilated cardiomyopathy(K)",0.0083,90,1,0.6027,0.6027,"SLC8A1","Dilated cardiomyopathy(K)",0.0083,90,1,0.8041,0.8041,"ITGA5",1,1,1,1,1,FALSE,FALSE,FALSE,FALSE,FALSE
"493","Salivary secretion(K)",0.0083,90,1,0.6093,0.6093,"CAMP","Salivary secretion(K)",0.0083,90,2,0.2345,0.2567,"ITPR1,LYZ","Salivary secretion(K)",0.0083,90,1,0.8041,0.8041,"PRKCB",1,1,1,1,1,FALSE,FALSE,FALSE,FALSE,FALSE
"497","Epstein-Barr virus infection(K)",0.0188,204,2,0.6285,0.6285,"SPI1,MAPK14","Epstein-Barr virus infection(K)",0.0188,204,2,0.6188,0.6188,"ITGAL,JAK3","Epstein-Barr virus infection(K)",0.0188,204,5,0.3082,0.3082,"SPI1,PIK3R5,IL10RA,HSPA6,FGR",1,1,1,1,1,FALSE,FALSE,FALSE,FALSE,FALSE
"498","Circadian entrainment(K)",0.0088,96,1,0.6331,0.6331,"MAPK3","Circadian entrainment(K)",0.0088,96,1,0.6265,0.6265,"ITPR1","Circadian entrainment(K)",0.0088,96,2,0.5175,0.5175,"PRKCB,FOS",1,1,1,1,1,FALSE,FALSE,FALSE,FALSE,FALSE
"505","Response to elevated platelet cytosolic Ca2+(R)",0.0098,106,1,0.6697,0.6697,"F5","Response to elevated platelet cytosolic Ca2+(R)",0.0098,106,3,0.0952,0.2567,"STXBP2,FN1,SERPINA1","Response to elevated platelet cytosolic Ca2+(R)",0.0098,106,11,4.5e-06,0.000149,"SPARC,PRKCB,CD109,FN1,FERMT3,ECM1,SERPINA1,FLNA,PLEK,SRGN,THBS1",0.199331397291506,0.102525012647597,1,1,0.102564776193372,FALSE,FALSE,FALSE,FALSE,FALSE
"506","Heterotrimeric G-protein signaling pathway-Gq alpha and Go alpha mediated pathway(P)",0.0099,108,1,0.6765,0.6765,"RASGRP4","Heterotrimeric G-protein signaling pathway-Gq alpha and Go alpha mediated pathway(P)",0.0099,108,1,0.67,0.67,"ITPR1","Heterotrimeric G-protein signaling pathway-Gq alpha and Go alpha mediated pathway(P)",0.0099,108,4,0.1327,0.2654,"PRKCB,RGS2,RASGRP4,RGS18",1,1,1,1,1,FALSE,FALSE,FALSE,FALSE,FALSE
"508","Alzheimer disease-presenilin pathway(P)",0.0102,111,1,0.6866,0.6866,"MMP9","Alzheimer disease-presenilin pathway(P)",0.0102,111,1,0.6801,0.6801,"MMP9","Alzheimer disease-presenilin pathway(P)",0.0102,111,2,0.5959,0.5959,"MMP25,MMP9",1,1,1,1,1,FALSE,FALSE,FALSE,FALSE,FALSE
"509","Cholinergic synapse(K)",0.0102,111,1,0.6866,0.6866,"MAPK3","Cholinergic synapse(K)",0.0102,111,1,0.6801,0.6801,"ITPR1","Cholinergic synapse(K)",0.0102,111,3,0.3239,0.3239,"PRKCB,PIK3R5,FOS",1,1,1,1,1,FALSE,FALSE,FALSE,FALSE,FALSE
"510","Glutamatergic synapse(K)",0.0105,114,1,0.6963,0.6963,"MAPK3","Glutamatergic synapse(K)",0.0105,114,1,0.6898,0.6898,"ITPR1","Glutamatergic synapse(K)",0.0105,114,1,0.8734,0.8734,"PRKCB",1,1,1,1,1,FALSE,FALSE,FALSE,FALSE,FALSE
"512","TCR signaling(R)",0.0113,123,1,0.7237,0.7237,"WAS","TCR signaling(R)",0.0113,123,3,0.132,0.2567,"TRAC,TRBC1,FYB","TCR signaling(R)",0.0113,123,3,0.3826,0.3826,"PTPRC,LCP2,FYB",1,1,1,1,1,FALSE,FALSE,FALSE,FALSE,FALSE
"513","Binding and Uptake of Ligands by Scavenger Receptors(R)",0.0114,124,1,0.7266,0.7266,"CD163","Binding and Uptake of Ligands by Scavenger Receptors(R)",0.0114,124,2,0.3618,0.3618,"IGLC1,IGKC","Binding and Uptake of Ligands by Scavenger Receptors(R)",0.0114,124,3,0.3874,0.3874,"SPARC,HBB,HBA1",1,1,1,1,1,FALSE,FALSE,FALSE,FALSE,FALSE
"516","Complement cascade(R)",0.0117,127,1,0.7351,0.7351,"CD59","Complement cascade(R)",0.0117,127,4,0.0418,0.2378,"FCN1,IGHG1,IGLC1,IGKC","Complement cascade(R)",0.0117,127,3,0.4019,0.4019,"C3AR1,C5AR1,CR1",1,1,1,0.874879403835035,1,FALSE,FALSE,FALSE,FALSE,FALSE
"517","Natural killer cell mediated cytotoxicity(K)",0.0124,135,1,0.7565,0.7565,"MAPK3","Natural killer cell mediated cytotoxicity(K)",0.0124,135,4,0.0503,0.2378,"SH2D1A,ITGB2,ITGAL,PTPN11","Natural killer cell mediated cytotoxicity(K)",0.0124,135,9,0.000862,0.0103,"PRKCB,PIK3R5,RAC2,FCER1G,TYROBP,TNFRSF10C,ITGB2,FCGR3A,LCP2",0.749648804883034,0.448540699564013,1,0.899612588551298,0.585663998568968,FALSE,FALSE,FALSE,FALSE,FALSE
"518","Measles(K)",0.0125,136,1,0.759,0.759,"TLR2","Measles(K)",0.0125,136,6,0.00284,0.0597,"SLAMF1,SH2D1A,JAK3,IKBKE,TLR2,IL2RG","Measles(K)",0.0125,136,7,0.0123,0.0708,"PIK3R5,IL1B,TLR4,TLR2,HSPA6,TNFRSF10C,FCGR2B",0.481759019705788,0.110901321824906,1,0.17401571450512,1,FALSE,FALSE,FALSE,FALSE,FALSE
"519","Intra-Golgi and retrograde Golgi-to-ER traffic(R)",0.013,141,1,0.7714,0.7714,"RAB43","Intra-Golgi and retrograde Golgi-to-ER traffic(R)",0.013,141,1,0.7653,0.7653,"ARF1","Intra-Golgi and retrograde Golgi-to-ER traffic(R)",0.013,141,1,0.9227,0.9227,"CYTH4",1,1,1,1,1,FALSE,FALSE,FALSE,FALSE,FALSE
"520","Signaling by the B Cell Receptor (BCR)(R)",0.0248,270,2,0.7741,0.7741,"IRS2,MAPK3","Signaling by the B Cell Receptor (BCR)(R)",0.0248,270,8,0.00668,0.0897,"IER3,ITPR1,DAPP1,IGHM,IGLC1,IGHD,IGKC,PTPN11","Signaling by the B Cell Receptor (BCR)(R)",0.0248,270,3,0.8672,0.8672,"PRKCB,EREG,HBEGF",1,0.0701135635408587,1,0.37058544894553,1,FALSE,TRUE,FALSE,FALSE,FALSE
"521","Phospholipase D signaling pathway(K)",0.0133,144,1,0.7785,0.7785,"MAPK3","Phospholipase D signaling pathway(K)",0.0133,144,2,0.4334,0.4334,"ARF1,PTPN11","Phospholipase D signaling pathway(K)",0.0133,144,5,0.1209,0.2417,"PIK3R5,FCER1G,CXCR1,CXCR2,CYTH4",1,1,1,1,1,FALSE,FALSE,FALSE,FALSE,FALSE
"522","Cell adhesion molecules (CAMs)(K)",0.0133,145,1,0.7808,0.7808,"NTNG2","Cell adhesion molecules (CAMs)(K)",0.0133,145,2,0.4369,0.4369,"ITGB2,ITGAL","Cell adhesion molecules (CAMs)(K)",0.0133,145,6,0.049,0.158,"ICAM3,SELPLG,PTPRC,SELL,ITGAM,ITGB2",1,1,1,1,1,FALSE,FALSE,FALSE,FALSE,FALSE
"524","Heterotrimeric G-protein signaling pathway-Gi alpha and Gs alpha mediated pathway(P)",0.0135,147,1,0.7854,0.7854,"PYGL","Heterotrimeric G-protein signaling pathway-Gi alpha and Gs alpha mediated pathway(P)",0.0135,147,1,0.7795,0.7795,"GRK6","Heterotrimeric G-protein signaling pathway-Gi alpha and Gs alpha mediated pathway(P)",0.0135,147,3,0.4955,0.4955,"RGS2,HRH2,RGS18",1,1,1,1,1,FALSE,FALSE,FALSE,FALSE,FALSE
"525","Oxytocin signaling pathway(K)",0.0146,159,1,0.8109,0.8109,"MAPK3","Oxytocin signaling pathway(K)",0.0146,159,1,0.8053,0.8053,"ITPR1","Oxytocin signaling pathway(K)",0.0146,159,5,0.1617,0.2679,"PRKCB,PIK3R5,FOS,PTGS2,RGS2",1,1,1,1,1,FALSE,FALSE,FALSE,FALSE,FALSE
"526","Ion channel transport(R)",0.0156,169,1,0.8299,0.8299,"ASPH","Ion channel transport(R)",0.0156,169,3,0.2491,0.2567,"TRPV2,ATP2A3,TCIRG1","Ion channel transport(R)",0.0156,169,1,0.9537,0.9537,"BEST1",1,1,1,1,1,FALSE,FALSE,FALSE,FALSE,FALSE
"527","Alzheimer's disease(K)",0.0157,171,1,0.8334,0.8334,"MAPK3","Alzheimer's disease(K)",0.0157,171,2,0.5229,0.5229,"ITPR1,ATP2A3","Alzheimer's disease(K)",0.0157,171,2,0.8154,0.8154,"MME,IL1B",1,1,1,1,1,FALSE,FALSE,FALSE,FALSE,FALSE
"528","Calcium signaling pathway(K)",0.0167,182,1,0.8517,0.8517,"SLC8A1","Calcium signaling pathway(K)",0.0167,182,4,0.1168,0.2567,"SLC8A1,ORAI2,ITPR1,ATP2A3","Calcium signaling pathway(K)",0.0167,182,3,0.6393,0.6393,"PRKCB,PPIF,HRH2",1,1,1,1,1,FALSE,FALSE,FALSE,FALSE,FALSE
"529","Metabolic pathways(K)",0.1165,1266,10,0.8607,0.8607,"G6PD,ACSL1,PGD,UGCG,ALPL,PYGL,HK3,UPP1,ARG1,B3GNT5","Metabolic pathways(K)",0.1165,1266,6,0.9919,0.9919,"INPP4A,ST3GAL3,TCIRG1,FBP1,TYMP,ALOX5","Metabolic pathways(K)",0.1165,1266,7,1,1,"NAMPT,ACSL1,PLA2G7,PTGS2,ALOX5,DGAT2,TBXAS1",1,1,1,1,1,FALSE,FALSE,FALSE,FALSE,FALSE
"530","Signaling by Rho GTPases(R)",0.0304,330,2,0.8608,0.8608,"WAS,MAPK3","Signaling by Rho GTPases(R)",0.0304,330,4,0.4365,0.4365,"ARHGAP22,ARHGAP9,GMIP,FGD2","Signaling by Rho GTPases(R)",0.0304,330,7,0.3858,0.3858,"WIPF1,PREX1,RAC2,FLNA,NCF2,NCF4,FMNL1",1,1,1,1,1,FALSE,FALSE,FALSE,FALSE,FALSE
"532","Viral carcinogenesis(K)",0.0187,203,1,0.8813,0.8813,"MAPK3","Viral carcinogenesis(K)",0.0187,203,1,0.8767,0.8767,"JAK3","Viral carcinogenesis(K)",0.0187,203,3,0.7107,0.7107,"PIK3R5,EGR2,EGR3",1,1,1,1,1,FALSE,FALSE,FALSE,FALSE,FALSE
"533","Cell surface interactions at the vascular wall(R)",0.0191,208,1,0.8874,0.8874,"CEACAM8","Cell surface interactions at the vascular wall(R)",0.0191,208,10,5.86e-05,0.00809,"CD84,SLC16A3,FN1,IGHM,ITGB2,ITGAL,ITGAX,IGLC1,IGKC,PTPN11","Cell surface interactions at the vascular wall(R)",0.0191,208,12,0.000449,0.00584,"FN1,OLR1,FCER1G,SLC7A5,SELPLG,SELL,ITGAM,ITGB2,TREM1,THBD,ITGAX,ITGA5",0.00170014064454413,0.00124937971911321,1,0.0222627173034522,0.435011542930416,TRUE,TRUE,FALSE,TRUE,FALSE
"534","GPCR downstream signaling(R)",0.0842,915,6,0.9214,0.9214,"CXCL16,PROK2,CSF2RA,GPR27,ADM,LTB4R","GPCR downstream signaling(R)",0.0842,915,10,0.4601,0.4601,"PTGDR,ITPR1,GRK6,JAK3,CCR2,CXCR4,IL2RG,FGD2,CCL19,AGT","GPCR downstream signaling(R)",0.0842,915,22,0.1026,0.2226,"PREX1,C3AR1,PROK2,FPR1,FPR2,PIK3R5,OR2J3,ADM,RAC2,CXCR4,CXCR1,CXCR2,GPR65,CXCL13,RGS2,C5AR1,CSF2RB,HCAR2,HCAR3,HRH2,PDE4B,RGS18",1,1,1,1,1,FALSE,FALSE,FALSE,FALSE,FALSE
"535","Neuroactive ligand-receptor interaction(K)",0.0256,278,1,0.9465,0.9465,"LTB4R","Neuroactive ligand-receptor interaction(K)",0.0256,278,1,0.9437,0.9437,"PTGDR","Neuroactive ligand-receptor interaction(K)",0.0256,278,5,0.5643,0.5643,"C3AR1,FPR1,FPR2,C5AR1,HRH2",1,1,1,1,1,FALSE,FALSE,FALSE,FALSE,FALSE
"536","Olfactory transduction(K)",0.0385,418,1,0.9881,0.9881,"SLC8A1","Olfactory transduction(K)",0.0385,418,1,0.9871,0.9871,"SLC8A1","Olfactory transduction(K)",0.0385,418,2,0.9959,0.9959,"OR2J3,RGS2",1,1,1,1,1,FALSE,FALSE,FALSE,FALSE,FALSE
